sum_click,code_module,code_presentation,activity_type,id_student,date,gender,region,highest_education,imd_band,age_band,num_of_prev_attempts,studied_credits,disability,final_result
14,AAA,2013J,forumng,28400,-10,F,Scotland,HE Qualification,20-30%,35-55,0,60,N,Pass
11,AAA,2013J,homepage,28400,-10,F,Scotland,HE Qualification,20-30%,35-55,0,60,N,Pass
33,AAA,2013J,oucontent,28400,-10,F,Scotland,HE Qualification,20-30%,35-55,0,60,N,Pass
2,AAA,2013J,resource,28400,-10,F,Scotland,HE Qualification,20-30%,35-55,0,60,N,Pass
9,AAA,2013J,subpage,28400,-10,F,Scotland,HE Qualification,20-30%,35-55,0,60,N,Pass
1,AAA,2013J,url,28400,-10,F,Scotland,HE Qualification,20-30%,35-55,0,60,N,Pass
5,AAA,2013J,forumng,30268,-10,F,North Western Region,A Level or Equivalent,30-40%,35-55,0,60,Y,Withdrawn
3,AAA,2013J,homepage,30268,-10,F,North Western Region,A Level or Equivalent,30-40%,35-55,0,60,Y,Withdrawn
2,AAA,2013J,oucontent,30268,-10,F,North Western Region,A Level or Equivalent,30-40%,35-55,0,60,Y,Withdrawn
1,AAA,2013J,glossary,31604,-10,F,South East Region,A Level or Equivalent,50-60%,35-55,0,60,N,Pass
11,AAA,2013J,homepage,31604,-10,F,South East Region,A Level or Equivalent,50-60%,35-55,0,60,N,Pass
31,AAA,2013J,oucontent,31604,-10,F,South East Region,A Level or Equivalent,50-60%,35-55,0,60,N,Pass
5,AAA,2013J,resource,31604,-10,F,South East Region,A Level or Equivalent,50-60%,35-55,0,60,N,Pass
12,AAA,2013J,subpage,31604,-10,F,South East Region,A Level or Equivalent,50-60%,35-55,0,60,N,Pass
8,AAA,2013J,forumng,32885,-10,F,West Midlands Region,Lower Than A Level,50-60%,0-35,0,60,N,Pass
2,AAA,2013J,glossary,32885,-10,F,West Midlands Region,Lower Than A Level,50-60%,0-35,0,60,N,Pass
13,AAA,2013J,homepage,32885,-10,F,West Midlands Region,Lower Than A Level,50-60%,0-35,0,60,N,Pass
48,AAA,2013J,oucontent,32885,-10,F,West Midlands Region,Lower Than A Level,50-60%,0-35,0,60,N,Pass
1,AAA,2013J,resource,32885,-10,F,West Midlands Region,Lower Than A Level,50-60%,0-35,0,60,N,Pass
6,AAA,2013J,subpage,32885,-10,F,West Midlands Region,Lower Than A Level,50-60%,0-35,0,60,N,Pass
16,AAA,2013J,forumng,38053,-10,M,Wales,A Level or Equivalent,80-90%,35-55,0,60,N,Pass
13,AAA,2013J,homepage,38053,-10,M,Wales,A Level or Equivalent,80-90%,35-55,0,60,N,Pass
35,AAA,2013J,oucontent,38053,-10,M,Wales,A Level or Equivalent,80-90%,35-55,0,60,N,Pass
3,AAA,2013J,resource,38053,-10,M,Wales,A Level or Equivalent,80-90%,35-55,0,60,N,Pass
8,AAA,2013J,subpage,38053,-10,M,Wales,A Level or Equivalent,80-90%,35-55,0,60,N,Pass
2,AAA,2013J,forumng,45462,-10,M,Scotland,HE Qualification,30-40%,0-35,0,60,N,Pass
7,AAA,2013J,homepage,45462,-10,M,Scotland,HE Qualification,30-40%,0-35,0,60,N,Pass
1,AAA,2013J,oucontent,45462,-10,M,Scotland,HE Qualification,30-40%,0-35,0,60,N,Pass
1,AAA,2013J,resource,45462,-10,M,Scotland,HE Qualification,30-40%,0-35,0,60,N,Pass
3,AAA,2013J,homepage,57506,-10,M,South Region,Lower Than A Level,70-80%,35-55,0,60,N,Pass
2,AAA,2013J,oucontent,57506,-10,M,South Region,Lower Than A Level,70-80%,35-55,0,60,N,Pass
1,AAA,2013J,subpage,57506,-10,M,South Region,Lower Than A Level,70-80%,35-55,0,60,N,Pass
1,AAA,2013J,url,57506,-10,M,South Region,Lower Than A Level,70-80%,35-55,0,60,N,Pass
14,AAA,2013J,forumng,58873,-10,F,East Anglian Region,A Level or Equivalent,20-30%,0-35,0,60,N,Pass
18,AAA,2013J,homepage,58873,-10,F,East Anglian Region,A Level or Equivalent,20-30%,0-35,0,60,N,Pass
101,AAA,2013J,oucontent,58873,-10,F,East Anglian Region,A Level or Equivalent,20-30%,0-35,0,60,N,Pass
1,AAA,2013J,resource,58873,-10,F,East Anglian Region,A Level or Equivalent,20-30%,0-35,0,60,N,Pass
8,AAA,2013J,subpage,58873,-10,F,East Anglian Region,A Level or Equivalent,20-30%,0-35,0,60,N,Pass
6,AAA,2013J,forumng,59185,-10,M,East Anglian Region,Lower Than A Level,60-70%,35-55,0,60,N,Pass
12,AAA,2013J,homepage,59185,-10,M,East Anglian Region,Lower Than A Level,60-70%,35-55,0,60,N,Pass
25,AAA,2013J,oucontent,59185,-10,M,East Anglian Region,Lower Than A Level,60-70%,35-55,0,60,N,Pass
2,AAA,2013J,resource,59185,-10,M,East Anglian Region,Lower Than A Level,60-70%,35-55,0,60,N,Pass
1,AAA,2013J,subpage,59185,-10,M,East Anglian Region,Lower Than A Level,60-70%,35-55,0,60,N,Pass
1,AAA,2013J,forumng,62155,-10,F,North Western Region,HE Qualification,50-60%,0-35,0,60,N,Pass
8,AAA,2013J,homepage,62155,-10,F,North Western Region,HE Qualification,50-60%,0-35,0,60,N,Pass
47,AAA,2013J,oucontent,62155,-10,F,North Western Region,HE Qualification,50-60%,0-35,0,60,N,Pass
2,AAA,2013J,resource,62155,-10,F,North Western Region,HE Qualification,50-60%,0-35,0,60,N,Pass
3,AAA,2013J,subpage,62155,-10,F,North Western Region,HE Qualification,50-60%,0-35,0,60,N,Pass
1,AAA,2013J,url,62155,-10,F,North Western Region,HE Qualification,50-60%,0-35,0,60,N,Pass
8,AAA,2013J,homepage,63400,-10,M,Scotland,Lower Than A Level,40-50%,35-55,0,60,N,Pass
33,AAA,2013J,oucontent,63400,-10,M,Scotland,Lower Than A Level,40-50%,35-55,0,60,N,Pass
5,AAA,2013J,subpage,63400,-10,M,Scotland,Lower Than A Level,40-50%,35-55,0,60,N,Pass
3,AAA,2013J,homepage,65002,-10,F,East Anglian Region,A Level or Equivalent,70-80%,0-35,0,60,N,Withdrawn
3,AAA,2013J,homepage,65002,-10,F,East Anglian Region,A Level or Equivalent,70-80%,0-35,1,60,N,Fail
1,AAA,2013J,dataplus,70464,-10,F,West Midlands Region,A Level or Equivalent,60-70%,35-55,0,60,N,Pass
5,AAA,2013J,forumng,70464,-10,F,West Midlands Region,A Level or Equivalent,60-70%,35-55,0,60,N,Pass
2,AAA,2013J,glossary,70464,-10,F,West Midlands Region,A Level or Equivalent,60-70%,35-55,0,60,N,Pass
14,AAA,2013J,homepage,70464,-10,F,West Midlands Region,A Level or Equivalent,60-70%,35-55,0,60,N,Pass
38,AAA,2013J,oucontent,70464,-10,F,West Midlands Region,A Level or Equivalent,60-70%,35-55,0,60,N,Pass
6,AAA,2013J,resource,70464,-10,F,West Midlands Region,A Level or Equivalent,60-70%,35-55,0,60,N,Pass
13,AAA,2013J,subpage,70464,-10,F,West Midlands Region,A Level or Equivalent,60-70%,35-55,0,60,N,Pass
1,AAA,2013J,url,70464,-10,F,West Midlands Region,A Level or Equivalent,60-70%,35-55,0,60,N,Pass
7,AAA,2013J,forumng,71361,-10,M,Ireland,HE Qualification,,35-55,0,60,N,Pass
25,AAA,2013J,homepage,71361,-10,M,Ireland,HE Qualification,,35-55,0,60,N,Pass
14,AAA,2013J,oucontent,71361,-10,M,Ireland,HE Qualification,,35-55,0,60,N,Pass
6,AAA,2013J,resource,71361,-10,M,Ireland,HE Qualification,,35-55,0,60,N,Pass
5,AAA,2013J,subpage,71361,-10,M,Ireland,HE Qualification,,35-55,0,60,N,Pass
1,AAA,2013J,dataplus,75091,-10,M,South West Region,A Level or Equivalent,30-40%,35-55,0,60,N,Pass
18,AAA,2013J,forumng,75091,-10,M,South West Region,A Level or Equivalent,30-40%,35-55,0,60,N,Pass
55,AAA,2013J,homepage,75091,-10,M,South West Region,A Level or Equivalent,30-40%,35-55,0,60,N,Pass
137,AAA,2013J,oucontent,75091,-10,M,South West Region,A Level or Equivalent,30-40%,35-55,0,60,N,Pass
19,AAA,2013J,resource,75091,-10,M,South West Region,A Level or Equivalent,30-40%,35-55,0,60,N,Pass
36,AAA,2013J,subpage,75091,-10,M,South West Region,A Level or Equivalent,30-40%,35-55,0,60,N,Pass
6,AAA,2013J,url,75091,-10,M,South West Region,A Level or Equivalent,30-40%,35-55,0,60,N,Pass
9,AAA,2013J,forumng,77367,-10,M,East Midlands Region,A Level or Equivalent,30-40%,0-35,0,60,N,Pass
10,AAA,2013J,homepage,77367,-10,M,East Midlands Region,A Level or Equivalent,30-40%,0-35,0,60,N,Pass
6,AAA,2013J,oucontent,77367,-10,M,East Midlands Region,A Level or Equivalent,30-40%,0-35,0,60,N,Pass
2,AAA,2013J,resource,77367,-10,M,East Midlands Region,A Level or Equivalent,30-40%,0-35,0,60,N,Pass
4,AAA,2013J,forumng,94961,-10,M,South Region,Lower Than A Level,70-80%,35-55,0,60,N,Withdrawn
4,AAA,2013J,forumng,94961,-10,M,South Region,Lower Than A Level,70-80%,35-55,1,60,N,Pass
6,AAA,2013J,homepage,94961,-10,M,South Region,Lower Than A Level,70-80%,35-55,0,60,N,Withdrawn
6,AAA,2013J,homepage,94961,-10,M,South Region,Lower Than A Level,70-80%,35-55,1,60,N,Pass
26,AAA,2013J,oucontent,94961,-10,M,South Region,Lower Than A Level,70-80%,35-55,0,60,N,Withdrawn
26,AAA,2013J,oucontent,94961,-10,M,South Region,Lower Than A Level,70-80%,35-55,1,60,N,Pass
5,AAA,2013J,subpage,94961,-10,M,South Region,Lower Than A Level,70-80%,35-55,0,60,N,Withdrawn
5,AAA,2013J,subpage,94961,-10,M,South Region,Lower Than A Level,70-80%,35-55,1,60,N,Pass
2,AAA,2013J,dataplus,98094,-10,M,Wales,Lower Than A Level,70-80%,35-55,0,60,N,Pass
3,AAA,2013J,forumng,98094,-10,M,Wales,Lower Than A Level,70-80%,35-55,0,60,N,Pass
38,AAA,2013J,homepage,98094,-10,M,Wales,Lower Than A Level,70-80%,35-55,0,60,N,Pass
134,AAA,2013J,oucontent,98094,-10,M,Wales,Lower Than A Level,70-80%,35-55,0,60,N,Pass
20,AAA,2013J,resource,98094,-10,M,Wales,Lower Than A Level,70-80%,35-55,0,60,N,Pass
43,AAA,2013J,subpage,98094,-10,M,Wales,Lower Than A Level,70-80%,35-55,0,60,N,Pass
1,AAA,2013J,forumng,101781,-10,M,South Region,Lower Than A Level,80-90%,35-55,0,60,N,Pass
5,AAA,2013J,homepage,101781,-10,M,South Region,Lower Than A Level,80-90%,35-55,0,60,N,Pass
4,AAA,2013J,oucontent,101781,-10,M,South Region,Lower Than A Level,80-90%,35-55,0,60,N,Pass
4,AAA,2013J,homepage,102806,-10,M,North Western Region,A Level or Equivalent,30-40%,0-35,0,60,N,Pass
5,AAA,2013J,oucontent,102806,-10,M,North Western Region,A Level or Equivalent,30-40%,0-35,0,60,N,Pass
1,AAA,2013J,subpage,102806,-10,M,North Western Region,A Level or Equivalent,30-40%,0-35,0,60,N,Pass
1,AAA,2013J,dataplus,104476,-10,M,Ireland,Post Graduate Qualification,,35-55,0,60,N,Pass
7,AAA,2013J,forumng,104476,-10,M,Ireland,Post Graduate Qualification,,35-55,0,60,N,Pass
35,AAA,2013J,homepage,104476,-10,M,Ireland,Post Graduate Qualification,,35-55,0,60,N,Pass
135,AAA,2013J,oucontent,104476,-10,M,Ireland,Post Graduate Qualification,,35-55,0,60,N,Pass
6,AAA,2013J,resource,104476,-10,M,Ireland,Post Graduate Qualification,,35-55,0,60,N,Pass
27,AAA,2013J,subpage,104476,-10,M,Ireland,Post Graduate Qualification,,35-55,0,60,N,Pass
4,AAA,2013J,url,104476,-10,M,Ireland,Post Graduate Qualification,,35-55,0,60,N,Pass
1,AAA,2013J,forumng,106577,-10,M,East Midlands Region,Lower Than A Level,20-30%,0-35,0,60,N,Pass
6,AAA,2013J,homepage,106577,-10,M,East Midlands Region,Lower Than A Level,20-30%,0-35,0,60,N,Pass
1,AAA,2013J,oucontent,106577,-10,M,East Midlands Region,Lower Than A Level,20-30%,0-35,0,60,N,Pass
1,AAA,2013J,resource,106577,-10,M,East Midlands Region,Lower Than A Level,20-30%,0-35,0,60,N,Pass
1,AAA,2013J,subpage,106577,-10,M,East Midlands Region,Lower Than A Level,20-30%,0-35,0,60,N,Pass
8,AAA,2013J,homepage,110175,-10,M,East Anglian Region,HE Qualification,80-90%,35-55,0,60,N,Pass
7,AAA,2013J,oucontent,110175,-10,M,East Anglian Region,HE Qualification,80-90%,35-55,0,60,N,Pass
5,AAA,2013J,resource,110175,-10,M,East Anglian Region,HE Qualification,80-90%,35-55,0,60,N,Pass
2,AAA,2013J,subpage,110175,-10,M,East Anglian Region,HE Qualification,80-90%,35-55,0,60,N,Pass
4,AAA,2013J,forumng,111717,-10,F,East Anglian Region,HE Qualification,90-100%,35-55,0,60,N,Pass
9,AAA,2013J,homepage,111717,-10,F,East Anglian Region,HE Qualification,90-100%,35-55,0,60,N,Pass
88,AAA,2013J,oucontent,111717,-10,F,East Anglian Region,HE Qualification,90-100%,35-55,0,60,N,Pass
3,AAA,2013J,resource,111717,-10,F,East Anglian Region,HE Qualification,90-100%,35-55,0,60,N,Pass
7,AAA,2013J,subpage,111717,-10,F,East Anglian Region,HE Qualification,90-100%,35-55,0,60,N,Pass
5,AAA,2013J,forumng,114999,-10,M,Yorkshire Region,HE Qualification,60-70%,35-55,0,60,N,Pass
6,AAA,2013J,homepage,114999,-10,M,Yorkshire Region,HE Qualification,60-70%,35-55,0,60,N,Pass
7,AAA,2013J,oucontent,114999,-10,M,Yorkshire Region,HE Qualification,60-70%,35-55,0,60,N,Pass
3,AAA,2013J,resource,114999,-10,M,Yorkshire Region,HE Qualification,60-70%,35-55,0,60,N,Pass
16,AAA,2013J,homepage,116692,-10,M,East Anglian Region,A Level or Equivalent,70-80%,35-55,0,60,N,Pass
54,AAA,2013J,oucontent,116692,-10,M,East Anglian Region,A Level or Equivalent,70-80%,35-55,0,60,N,Pass
3,AAA,2013J,resource,116692,-10,M,East Anglian Region,A Level or Equivalent,70-80%,35-55,0,60,N,Pass
22,AAA,2013J,subpage,116692,-10,M,East Anglian Region,A Level or Equivalent,70-80%,35-55,0,60,N,Pass
1,AAA,2013J,url,116692,-10,M,East Anglian Region,A Level or Equivalent,70-80%,35-55,0,60,N,Pass
2,AAA,2013J,homepage,118983,-10,M,East Midlands Region,HE Qualification,30-40%,0-35,0,120,N,Pass
4,AAA,2013J,oucontent,118983,-10,M,East Midlands Region,HE Qualification,30-40%,0-35,0,120,N,Pass
2,AAA,2013J,subpage,118983,-10,M,East Midlands Region,HE Qualification,30-40%,0-35,0,120,N,Pass
2,AAA,2013J,homepage,123044,-10,M,South Region,A Level or Equivalent,40-50%,35-55,0,60,N,Pass
1,AAA,2013J,oucontent,123044,-10,M,South Region,A Level or Equivalent,40-50%,35-55,0,60,N,Pass
3,AAA,2013J,forumng,127582,-10,F,East Midlands Region,A Level or Equivalent,40-50%,0-35,0,180,N,Pass
5,AAA,2013J,homepage,127582,-10,F,East Midlands Region,A Level or Equivalent,40-50%,0-35,0,180,N,Pass
5,AAA,2013J,oucontent,127582,-10,F,East Midlands Region,A Level or Equivalent,40-50%,0-35,0,180,N,Pass
1,AAA,2013J,subpage,127582,-10,F,East Midlands Region,A Level or Equivalent,40-50%,0-35,0,180,N,Pass
3,AAA,2013J,homepage,129955,-10,M,West Midlands Region,A Level or Equivalent,50-60%,0-35,0,60,N,Withdrawn
3,AAA,2013J,homepage,129955,-10,M,West Midlands Region,A Level or Equivalent,50-60%,0-35,1,60,N,Withdrawn
14,AAA,2013J,oucontent,129955,-10,M,West Midlands Region,A Level or Equivalent,50-60%,0-35,0,60,N,Withdrawn
14,AAA,2013J,oucontent,129955,-10,M,West Midlands Region,A Level or Equivalent,50-60%,0-35,1,60,N,Withdrawn
1,AAA,2013J,subpage,129955,-10,M,West Midlands Region,A Level or Equivalent,50-60%,0-35,0,60,N,Withdrawn
1,AAA,2013J,subpage,129955,-10,M,West Midlands Region,A Level or Equivalent,50-60%,0-35,1,60,N,Withdrawn
5,AAA,2013J,homepage,132976,-10,F,East Anglian Region,Lower Than A Level,80-90%,35-55,0,120,N,Pass
3,AAA,2013J,oucontent,132976,-10,F,East Anglian Region,Lower Than A Level,80-90%,35-55,0,120,N,Pass
1,AAA,2013J,resource,132976,-10,F,East Anglian Region,Lower Than A Level,80-90%,35-55,0,120,N,Pass
6,AAA,2013J,subpage,132976,-10,F,East Anglian Region,Lower Than A Level,80-90%,35-55,0,120,N,Pass
5,AAA,2013J,homepage,134143,-10,F,South East Region,A Level or Equivalent,90-100%,35-55,0,60,N,Distinction
1,AAA,2013J,resource,134143,-10,F,South East Region,A Level or Equivalent,90-100%,35-55,0,60,N,Distinction
1,AAA,2013J,subpage,134143,-10,F,South East Region,A Level or Equivalent,90-100%,35-55,0,60,N,Distinction
2,AAA,2013J,homepage,135335,-10,F,East Anglian Region,Lower Than A Level,20-30%,0-35,0,180,N,Withdrawn
2,AAA,2013J,homepage,135335,-10,F,East Anglian Region,Lower Than A Level,20-30%,0-35,1,120,N,Withdrawn
5,AAA,2013J,forumng,137873,-10,M,South West Region,A Level or Equivalent,40-50%,35-55,0,60,N,Pass
7,AAA,2013J,homepage,137873,-10,M,South West Region,A Level or Equivalent,40-50%,35-55,0,60,N,Pass
5,AAA,2013J,oucontent,137873,-10,M,South West Region,A Level or Equivalent,40-50%,35-55,0,60,N,Pass
1,AAA,2013J,subpage,137873,-10,M,South West Region,A Level or Equivalent,40-50%,35-55,0,60,N,Pass
10,AAA,2013J,forumng,144801,-10,F,South Region,HE Qualification,80-90%,35-55,0,60,N,Pass
18,AAA,2013J,homepage,144801,-10,F,South Region,HE Qualification,80-90%,35-55,0,60,N,Pass
29,AAA,2013J,oucontent,144801,-10,F,South Region,HE Qualification,80-90%,35-55,0,60,N,Pass
3,AAA,2013J,resource,144801,-10,F,South Region,HE Qualification,80-90%,35-55,0,60,N,Pass
14,AAA,2013J,subpage,144801,-10,F,South Region,HE Qualification,80-90%,35-55,0,60,N,Pass
2,AAA,2013J,url,144801,-10,F,South Region,HE Qualification,80-90%,35-55,0,60,N,Pass
1,AAA,2013J,homepage,145130,-10,M,South West Region,HE Qualification,60-70%,0-35,0,120,N,Pass
10,AAA,2013J,oucontent,145130,-10,M,South West Region,HE Qualification,60-70%,0-35,0,120,N,Pass
5,AAA,2013J,subpage,145130,-10,M,South West Region,HE Qualification,60-70%,0-35,0,120,N,Pass
5,AAA,2013J,homepage,146188,-10,F,West Midlands Region,A Level or Equivalent,20-30%,0-35,0,60,Y,Fail
14,AAA,2013J,oucontent,146188,-10,F,West Midlands Region,A Level or Equivalent,20-30%,0-35,0,60,Y,Fail
3,AAA,2013J,resource,146188,-10,F,West Midlands Region,A Level or Equivalent,20-30%,0-35,0,60,Y,Fail
5,AAA,2013J,subpage,146188,-10,F,West Midlands Region,A Level or Equivalent,20-30%,0-35,0,60,Y,Fail
4,AAA,2013J,homepage,147756,-10,M,North Region,Lower Than A Level,60-70%,0-35,0,120,N,Fail
4,AAA,2013J,homepage,147756,-10,M,North Region,Lower Than A Level,60-70%,0-35,1,120,N,Pass
10,AAA,2013J,oucontent,147756,-10,M,North Region,Lower Than A Level,60-70%,0-35,0,120,N,Fail
10,AAA,2013J,oucontent,147756,-10,M,North Region,Lower Than A Level,60-70%,0-35,1,120,N,Pass
1,AAA,2013J,resource,147756,-10,M,North Region,Lower Than A Level,60-70%,0-35,0,120,N,Fail
1,AAA,2013J,resource,147756,-10,M,North Region,Lower Than A Level,60-70%,0-35,1,120,N,Pass
10,AAA,2013J,forumng,148993,-10,F,North Western Region,A Level or Equivalent,30-40%,35-55,0,60,Y,Withdrawn
10,AAA,2013J,forumng,148993,-10,F,North Western Region,A Level or Equivalent,30-40%,35-55,1,60,Y,Pass
15,AAA,2013J,homepage,148993,-10,F,North Western Region,A Level or Equivalent,30-40%,35-55,0,60,Y,Withdrawn
15,AAA,2013J,homepage,148993,-10,F,North Western Region,A Level or Equivalent,30-40%,35-55,1,60,Y,Pass
74,AAA,2013J,oucontent,148993,-10,F,North Western Region,A Level or Equivalent,30-40%,35-55,0,60,Y,Withdrawn
74,AAA,2013J,oucontent,148993,-10,F,North Western Region,A Level or Equivalent,30-40%,35-55,1,60,Y,Pass
2,AAA,2013J,resource,148993,-10,F,North Western Region,A Level or Equivalent,30-40%,35-55,0,60,Y,Withdrawn
2,AAA,2013J,resource,148993,-10,F,North Western Region,A Level or Equivalent,30-40%,35-55,1,60,Y,Pass
6,AAA,2013J,subpage,148993,-10,F,North Western Region,A Level or Equivalent,30-40%,35-55,0,60,Y,Withdrawn
6,AAA,2013J,subpage,148993,-10,F,North Western Region,A Level or Equivalent,30-40%,35-55,1,60,Y,Pass
1,AAA,2013J,url,148993,-10,F,North Western Region,A Level or Equivalent,30-40%,35-55,0,60,Y,Withdrawn
1,AAA,2013J,url,148993,-10,F,North Western Region,A Level or Equivalent,30-40%,35-55,1,60,Y,Pass
2,AAA,2013J,homepage,155550,-10,M,London Region,A Level or Equivalent,0-10%,35-55,0,420,N,Pass
9,AAA,2013J,oucontent,155550,-10,M,London Region,A Level or Equivalent,0-10%,35-55,0,420,N,Pass
1,AAA,2013J,resource,155550,-10,M,London Region,A Level or Equivalent,0-10%,35-55,0,420,N,Pass
5,AAA,2013J,subpage,155550,-10,M,London Region,A Level or Equivalent,0-10%,35-55,0,420,N,Pass
8,AAA,2013J,forumng,155854,-10,F,East Midlands Region,A Level or Equivalent,20-30%,35-55,0,60,N,Pass
27,AAA,2013J,homepage,155854,-10,F,East Midlands Region,A Level or Equivalent,20-30%,35-55,0,60,N,Pass
54,AAA,2013J,oucontent,155854,-10,F,East Midlands Region,A Level or Equivalent,20-30%,35-55,0,60,N,Pass
9,AAA,2013J,resource,155854,-10,F,East Midlands Region,A Level or Equivalent,20-30%,35-55,0,60,N,Pass
10,AAA,2013J,subpage,155854,-10,F,East Midlands Region,A Level or Equivalent,20-30%,35-55,0,60,N,Pass
1,AAA,2013J,url,155854,-10,F,East Midlands Region,A Level or Equivalent,20-30%,35-55,0,60,N,Pass
10,AAA,2013J,forumng,155984,-10,F,East Anglian Region,Lower Than A Level,70-80%,0-35,0,60,N,Withdrawn
10,AAA,2013J,forumng,155984,-10,F,East Anglian Region,Lower Than A Level,70-80%,0-35,1,120,N,Pass
17,AAA,2013J,homepage,155984,-10,F,East Anglian Region,Lower Than A Level,70-80%,0-35,0,60,N,Withdrawn
17,AAA,2013J,homepage,155984,-10,F,East Anglian Region,Lower Than A Level,70-80%,0-35,1,120,N,Pass
21,AAA,2013J,oucontent,155984,-10,F,East Anglian Region,Lower Than A Level,70-80%,0-35,0,60,N,Withdrawn
21,AAA,2013J,oucontent,155984,-10,F,East Anglian Region,Lower Than A Level,70-80%,0-35,1,120,N,Pass
1,AAA,2013J,resource,155984,-10,F,East Anglian Region,Lower Than A Level,70-80%,0-35,0,60,N,Withdrawn
1,AAA,2013J,resource,155984,-10,F,East Anglian Region,Lower Than A Level,70-80%,0-35,1,120,N,Pass
9,AAA,2013J,subpage,155984,-10,F,East Anglian Region,Lower Than A Level,70-80%,0-35,0,60,N,Withdrawn
9,AAA,2013J,subpage,155984,-10,F,East Anglian Region,Lower Than A Level,70-80%,0-35,1,120,N,Pass
1,AAA,2013J,url,155984,-10,F,East Anglian Region,Lower Than A Level,70-80%,0-35,0,60,N,Withdrawn
1,AAA,2013J,url,155984,-10,F,East Anglian Region,Lower Than A Level,70-80%,0-35,1,120,N,Pass
4,AAA,2013J,forumng,159954,-10,M,East Midlands Region,A Level or Equivalent,40-50%,35-55,0,60,N,Withdrawn
4,AAA,2013J,forumng,159954,-10,M,East Midlands Region,A Level or Equivalent,40-50%,35-55,1,60,N,Withdrawn
6,AAA,2013J,homepage,159954,-10,M,East Midlands Region,A Level or Equivalent,40-50%,35-55,0,60,N,Withdrawn
6,AAA,2013J,homepage,159954,-10,M,East Midlands Region,A Level or Equivalent,40-50%,35-55,1,60,N,Withdrawn
11,AAA,2013J,oucontent,159954,-10,M,East Midlands Region,A Level or Equivalent,40-50%,35-55,0,60,N,Withdrawn
11,AAA,2013J,oucontent,159954,-10,M,East Midlands Region,A Level or Equivalent,40-50%,35-55,1,60,N,Withdrawn
1,AAA,2013J,subpage,159954,-10,M,East Midlands Region,A Level or Equivalent,40-50%,35-55,0,60,N,Withdrawn
1,AAA,2013J,subpage,159954,-10,M,East Midlands Region,A Level or Equivalent,40-50%,35-55,1,60,N,Withdrawn
2,AAA,2013J,forumng,164259,-10,M,Scotland,A Level or Equivalent,70-80%,0-35,0,60,N,Pass
3,AAA,2013J,homepage,164259,-10,M,Scotland,A Level or Equivalent,70-80%,0-35,0,60,N,Pass
1,AAA,2013J,oucontent,164259,-10,M,Scotland,A Level or Equivalent,70-80%,0-35,0,60,N,Pass
1,AAA,2013J,dataplus,167906,-10,F,Yorkshire Region,A Level or Equivalent,40-50%,35-55,0,60,N,Pass
13,AAA,2013J,homepage,167906,-10,F,Yorkshire Region,A Level or Equivalent,40-50%,35-55,0,60,N,Pass
93,AAA,2013J,oucontent,167906,-10,F,Yorkshire Region,A Level or Equivalent,40-50%,35-55,0,60,N,Pass
2,AAA,2013J,resource,167906,-10,F,Yorkshire Region,A Level or Equivalent,40-50%,35-55,0,60,N,Pass
7,AAA,2013J,subpage,167906,-10,F,Yorkshire Region,A Level or Equivalent,40-50%,35-55,0,60,N,Pass
2,AAA,2013J,url,167906,-10,F,Yorkshire Region,A Level or Equivalent,40-50%,35-55,0,60,N,Pass
6,AAA,2013J,forumng,172112,-10,M,Ireland,HE Qualification,,35-55,0,60,N,Pass
5,AAA,2013J,homepage,172112,-10,M,Ireland,HE Qualification,,35-55,0,60,N,Pass
8,AAA,2013J,oucontent,172112,-10,M,Ireland,HE Qualification,,35-55,0,60,N,Pass
1,AAA,2013J,subpage,172112,-10,M,Ireland,HE Qualification,,35-55,0,60,N,Pass
8,AAA,2013J,forumng,172797,-10,F,Ireland,A Level or Equivalent,,35-55,0,60,N,Pass
17,AAA,2013J,homepage,172797,-10,F,Ireland,A Level or Equivalent,,35-55,0,60,N,Pass
31,AAA,2013J,oucontent,172797,-10,F,Ireland,A Level or Equivalent,,35-55,0,60,N,Pass
5,AAA,2013J,resource,172797,-10,F,Ireland,A Level or Equivalent,,35-55,0,60,N,Pass
25,AAA,2013J,subpage,172797,-10,F,Ireland,A Level or Equivalent,,35-55,0,60,N,Pass
3,AAA,2013J,url,172797,-10,F,Ireland,A Level or Equivalent,,35-55,0,60,N,Pass
9,AAA,2013J,forumng,174782,-10,M,East Anglian Region,HE Qualification,90-100%,55<=,0,60,N,Pass
20,AAA,2013J,homepage,174782,-10,M,East Anglian Region,HE Qualification,90-100%,55<=,0,60,N,Pass
60,AAA,2013J,oucontent,174782,-10,M,East Anglian Region,HE Qualification,90-100%,55<=,0,60,N,Pass
2,AAA,2013J,resource,174782,-10,M,East Anglian Region,HE Qualification,90-100%,55<=,0,60,N,Pass
13,AAA,2013J,subpage,174782,-10,M,East Anglian Region,HE Qualification,90-100%,55<=,0,60,N,Pass
1,AAA,2013J,dataplus,175392,-10,M,North Region,HE Qualification,,35-55,0,60,N,Pass
18,AAA,2013J,forumng,175392,-10,M,North Region,HE Qualification,,35-55,0,60,N,Pass
21,AAA,2013J,homepage,175392,-10,M,North Region,HE Qualification,,35-55,0,60,N,Pass
24,AAA,2013J,oucontent,175392,-10,M,North Region,HE Qualification,,35-55,0,60,N,Pass
3,AAA,2013J,resource,175392,-10,M,North Region,HE Qualification,,35-55,0,60,N,Pass
16,AAA,2013J,subpage,175392,-10,M,North Region,HE Qualification,,35-55,0,60,N,Pass
6,AAA,2013J,forumng,175932,-10,M,North Western Region,HE Qualification,70-80%,35-55,0,60,N,Pass
16,AAA,2013J,homepage,175932,-10,M,North Western Region,HE Qualification,70-80%,35-55,0,60,N,Pass
81,AAA,2013J,oucontent,175932,-10,M,North Western Region,HE Qualification,70-80%,35-55,0,60,N,Pass
21,AAA,2013J,subpage,175932,-10,M,North Western Region,HE Qualification,70-80%,35-55,0,60,N,Pass
7,AAA,2013J,forumng,180753,-10,M,South West Region,A Level or Equivalent,30-40%,0-35,0,120,N,Pass
5,AAA,2013J,homepage,180753,-10,M,South West Region,A Level or Equivalent,30-40%,0-35,0,120,N,Pass
17,AAA,2013J,oucontent,180753,-10,M,South West Region,A Level or Equivalent,30-40%,0-35,0,120,N,Pass
5,AAA,2013J,homepage,181316,-10,F,South West Region,A Level or Equivalent,80-90%,35-55,0,120,N,Withdrawn
26,AAA,2013J,oucontent,181316,-10,F,South West Region,A Level or Equivalent,80-90%,35-55,0,120,N,Withdrawn
1,AAA,2013J,resource,181316,-10,F,South West Region,A Level or Equivalent,80-90%,35-55,0,120,N,Withdrawn
5,AAA,2013J,subpage,181316,-10,F,South West Region,A Level or Equivalent,80-90%,35-55,0,120,N,Withdrawn
1,AAA,2013J,url,181316,-10,F,South West Region,A Level or Equivalent,80-90%,35-55,0,120,N,Withdrawn
4,AAA,2013J,homepage,183096,-10,F,South West Region,A Level or Equivalent,60-70%,0-35,0,60,N,Pass
33,AAA,2013J,oucontent,183096,-10,F,South West Region,A Level or Equivalent,60-70%,0-35,0,60,N,Pass
1,AAA,2013J,resource,183096,-10,F,South West Region,A Level or Equivalent,60-70%,0-35,0,60,N,Pass
3,AAA,2013J,forumng,184271,-10,M,South West Region,HE Qualification,80-90%,35-55,0,170,N,Pass
5,AAA,2013J,homepage,184271,-10,M,South West Region,HE Qualification,80-90%,35-55,0,170,N,Pass
1,AAA,2013J,oucontent,184271,-10,M,South West Region,HE Qualification,80-90%,35-55,0,170,N,Pass
4,AAA,2013J,homepage,185439,-10,M,London Region,HE Qualification,10-20,0-35,0,120,N,Fail
25,AAA,2013J,oucontent,185439,-10,M,London Region,HE Qualification,10-20,0-35,0,120,N,Fail
5,AAA,2013J,resource,185439,-10,M,London Region,HE Qualification,10-20,0-35,0,120,N,Fail
2,AAA,2013J,subpage,185439,-10,M,London Region,HE Qualification,10-20,0-35,0,120,N,Fail
1,AAA,2013J,dataplus,186149,-10,M,Scotland,HE Qualification,30-40%,35-55,0,60,N,Pass
9,AAA,2013J,forumng,186149,-10,M,Scotland,HE Qualification,30-40%,35-55,0,60,N,Pass
1,AAA,2013J,glossary,186149,-10,M,Scotland,HE Qualification,30-40%,35-55,0,60,N,Pass
16,AAA,2013J,homepage,186149,-10,M,Scotland,HE Qualification,30-40%,35-55,0,60,N,Pass
35,AAA,2013J,oucontent,186149,-10,M,Scotland,HE Qualification,30-40%,35-55,0,60,N,Pass
26,AAA,2013J,resource,186149,-10,M,Scotland,HE Qualification,30-40%,35-55,0,60,N,Pass
11,AAA,2013J,subpage,186149,-10,M,Scotland,HE Qualification,30-40%,35-55,0,60,N,Pass
1,AAA,2013J,url,186149,-10,M,Scotland,HE Qualification,30-40%,35-55,0,60,N,Pass
37,AAA,2013J,forumng,187100,-10,M,South East Region,A Level or Equivalent,50-60%,35-55,0,60,N,Distinction
39,AAA,2013J,homepage,187100,-10,M,South East Region,A Level or Equivalent,50-60%,35-55,0,60,N,Distinction
81,AAA,2013J,oucontent,187100,-10,M,South East Region,A Level or Equivalent,50-60%,35-55,0,60,N,Distinction
1,AAA,2013J,resource,187100,-10,M,South East Region,A Level or Equivalent,50-60%,35-55,0,60,N,Distinction
23,AAA,2013J,subpage,187100,-10,M,South East Region,A Level or Equivalent,50-60%,35-55,0,60,N,Distinction
3,AAA,2013J,url,187100,-10,M,South East Region,A Level or Equivalent,50-60%,35-55,0,60,N,Distinction
3,AAA,2013J,forumng,188278,-10,M,Yorkshire Region,A Level or Equivalent,70-80%,35-55,0,120,N,Withdrawn
3,AAA,2013J,forumng,188278,-10,M,Yorkshire Region,A Level or Equivalent,70-80%,35-55,1,60,N,Pass
7,AAA,2013J,homepage,188278,-10,M,Yorkshire Region,A Level or Equivalent,70-80%,35-55,0,120,N,Withdrawn
7,AAA,2013J,homepage,188278,-10,M,Yorkshire Region,A Level or Equivalent,70-80%,35-55,1,60,N,Pass
30,AAA,2013J,oucontent,188278,-10,M,Yorkshire Region,A Level or Equivalent,70-80%,35-55,0,120,N,Withdrawn
30,AAA,2013J,oucontent,188278,-10,M,Yorkshire Region,A Level or Equivalent,70-80%,35-55,1,60,N,Pass
1,AAA,2013J,resource,188278,-10,M,Yorkshire Region,A Level or Equivalent,70-80%,35-55,0,120,N,Withdrawn
1,AAA,2013J,resource,188278,-10,M,Yorkshire Region,A Level or Equivalent,70-80%,35-55,1,60,N,Pass
3,AAA,2013J,subpage,188278,-10,M,Yorkshire Region,A Level or Equivalent,70-80%,35-55,0,120,N,Withdrawn
3,AAA,2013J,subpage,188278,-10,M,Yorkshire Region,A Level or Equivalent,70-80%,35-55,1,60,N,Pass
1,AAA,2013J,forumng,192183,-10,F,South West Region,Lower Than A Level,90-100%,0-35,0,60,N,Pass
5,AAA,2013J,homepage,192183,-10,F,South West Region,Lower Than A Level,90-100%,0-35,0,60,N,Pass
6,AAA,2013J,oucontent,192183,-10,F,South West Region,Lower Than A Level,90-100%,0-35,0,60,N,Pass
1,AAA,2013J,subpage,192183,-10,F,South West Region,Lower Than A Level,90-100%,0-35,0,60,N,Pass
3,AAA,2013J,homepage,200860,-10,M,London Region,Lower Than A Level,50-60%,35-55,0,60,N,Pass
4,AAA,2013J,oucontent,200860,-10,M,London Region,Lower Than A Level,50-60%,35-55,0,60,N,Pass
2,AAA,2013J,subpage,200860,-10,M,London Region,Lower Than A Level,50-60%,35-55,0,60,N,Pass
5,AAA,2013J,forumng,202635,-10,F,Wales,A Level or Equivalent,30-40%,0-35,0,60,N,Withdrawn
9,AAA,2013J,homepage,202635,-10,F,Wales,A Level or Equivalent,30-40%,0-35,0,60,N,Withdrawn
54,AAA,2013J,oucontent,202635,-10,F,Wales,A Level or Equivalent,30-40%,0-35,0,60,N,Withdrawn
7,AAA,2013J,subpage,202635,-10,F,Wales,A Level or Equivalent,30-40%,0-35,0,60,N,Withdrawn
1,AAA,2013J,dataplus,205350,-10,M,South West Region,HE Qualification,80-90%,35-55,0,60,N,Pass
5,AAA,2013J,forumng,205350,-10,M,South West Region,HE Qualification,80-90%,35-55,0,60,N,Pass
11,AAA,2013J,homepage,205350,-10,M,South West Region,HE Qualification,80-90%,35-55,0,60,N,Pass
44,AAA,2013J,oucontent,205350,-10,M,South West Region,HE Qualification,80-90%,35-55,0,60,N,Pass
50,AAA,2013J,resource,205350,-10,M,South West Region,HE Qualification,80-90%,35-55,0,60,N,Pass
6,AAA,2013J,subpage,205350,-10,M,South West Region,HE Qualification,80-90%,35-55,0,60,N,Pass
4,AAA,2013J,url,205350,-10,M,South West Region,HE Qualification,80-90%,35-55,0,60,N,Pass
17,AAA,2013J,forumng,227499,-10,F,London Region,A Level or Equivalent,10-20,35-55,0,60,N,Distinction
16,AAA,2013J,homepage,227499,-10,F,London Region,A Level or Equivalent,10-20,35-55,0,60,N,Distinction
14,AAA,2013J,oucontent,227499,-10,F,London Region,A Level or Equivalent,10-20,35-55,0,60,N,Distinction
2,AAA,2013J,resource,227499,-10,F,London Region,A Level or Equivalent,10-20,35-55,0,60,N,Distinction
9,AAA,2013J,subpage,227499,-10,F,London Region,A Level or Equivalent,10-20,35-55,0,60,N,Distinction
5,AAA,2013J,forumng,227517,-10,M,Ireland,HE Qualification,,0-35,0,180,N,Fail
23,AAA,2013J,homepage,227517,-10,M,Ireland,HE Qualification,,0-35,0,180,N,Fail
85,AAA,2013J,oucontent,227517,-10,M,Ireland,HE Qualification,,0-35,0,180,N,Fail
9,AAA,2013J,subpage,227517,-10,M,Ireland,HE Qualification,,0-35,0,180,N,Fail
2,AAA,2013J,homepage,228082,-10,M,London Region,HE Qualification,60-70%,0-35,0,60,N,Pass
3,AAA,2013J,oucontent,228082,-10,M,London Region,HE Qualification,60-70%,0-35,0,60,N,Pass
1,AAA,2013J,subpage,228082,-10,M,London Region,HE Qualification,60-70%,0-35,0,60,N,Pass
2,AAA,2013J,forumng,229361,-10,M,East Midlands Region,A Level or Equivalent,50-60%,0-35,0,60,N,Pass
3,AAA,2013J,homepage,229361,-10,M,East Midlands Region,A Level or Equivalent,50-60%,0-35,0,60,N,Pass
2,AAA,2013J,homepage,235507,-10,M,Yorkshire Region,A Level or Equivalent,90-100%,0-35,0,240,N,Withdrawn
2,AAA,2013J,homepage,235507,-10,M,Yorkshire Region,A Level or Equivalent,90-100%,0-35,1,180,N,Pass
2,AAA,2013J,resource,235507,-10,M,Yorkshire Region,A Level or Equivalent,90-100%,0-35,0,240,N,Withdrawn
2,AAA,2013J,resource,235507,-10,M,Yorkshire Region,A Level or Equivalent,90-100%,0-35,1,180,N,Pass
1,AAA,2013J,subpage,235507,-10,M,Yorkshire Region,A Level or Equivalent,90-100%,0-35,0,240,N,Withdrawn
1,AAA,2013J,subpage,235507,-10,M,Yorkshire Region,A Level or Equivalent,90-100%,0-35,1,180,N,Pass
10,AAA,2013J,forumng,238007,-10,M,South Region,HE Qualification,90-100%,55<=,0,60,N,Pass
3,AAA,2013J,glossary,238007,-10,M,South Region,HE Qualification,90-100%,55<=,0,60,N,Pass
11,AAA,2013J,homepage,238007,-10,M,South Region,HE Qualification,90-100%,55<=,0,60,N,Pass
18,AAA,2013J,oucontent,238007,-10,M,South Region,HE Qualification,90-100%,55<=,0,60,N,Pass
4,AAA,2013J,resource,238007,-10,M,South Region,HE Qualification,90-100%,55<=,0,60,N,Pass
7,AAA,2013J,subpage,238007,-10,M,South Region,HE Qualification,90-100%,55<=,0,60,N,Pass
1,AAA,2013J,url,238007,-10,M,South Region,HE Qualification,90-100%,55<=,0,60,N,Pass
5,AAA,2013J,forumng,241649,-10,M,East Anglian Region,HE Qualification,90-100%,35-55,0,60,N,Pass
20,AAA,2013J,homepage,241649,-10,M,East Anglian Region,HE Qualification,90-100%,35-55,0,60,N,Pass
96,AAA,2013J,oucontent,241649,-10,M,East Anglian Region,HE Qualification,90-100%,35-55,0,60,N,Pass
3,AAA,2013J,resource,241649,-10,M,East Anglian Region,HE Qualification,90-100%,35-55,0,60,N,Pass
18,AAA,2013J,subpage,241649,-10,M,East Anglian Region,HE Qualification,90-100%,35-55,0,60,N,Pass
2,AAA,2013J,url,241649,-10,M,East Anglian Region,HE Qualification,90-100%,35-55,0,60,N,Pass
2,AAA,2013J,forumng,241729,-10,F,East Midlands Region,HE Qualification,60-70%,35-55,0,60,N,Fail
4,AAA,2013J,homepage,241729,-10,F,East Midlands Region,HE Qualification,60-70%,35-55,0,60,N,Fail
11,AAA,2013J,oucontent,241729,-10,F,East Midlands Region,HE Qualification,60-70%,35-55,0,60,N,Fail
5,AAA,2013J,subpage,241729,-10,F,East Midlands Region,HE Qualification,60-70%,35-55,0,60,N,Fail
5,AAA,2013J,forumng,242793,-10,M,London Region,HE Qualification,20-30%,35-55,0,60,N,Pass
12,AAA,2013J,homepage,242793,-10,M,London Region,HE Qualification,20-30%,35-55,0,60,N,Pass
7,AAA,2013J,oucontent,242793,-10,M,London Region,HE Qualification,20-30%,35-55,0,60,N,Pass
4,AAA,2013J,resource,242793,-10,M,London Region,HE Qualification,20-30%,35-55,0,60,N,Pass
3,AAA,2013J,subpage,242793,-10,M,London Region,HE Qualification,20-30%,35-55,0,60,N,Pass
5,AAA,2013J,dataplus,246834,-10,M,South West Region,A Level or Equivalent,90-100%,35-55,0,60,N,Pass
31,AAA,2013J,forumng,246834,-10,M,South West Region,A Level or Equivalent,90-100%,35-55,0,60,N,Pass
7,AAA,2013J,homepage,246834,-10,M,South West Region,A Level or Equivalent,90-100%,35-55,0,60,N,Pass
27,AAA,2013J,oucontent,246834,-10,M,South West Region,A Level or Equivalent,90-100%,35-55,0,60,N,Pass
4,AAA,2013J,subpage,246834,-10,M,South West Region,A Level or Equivalent,90-100%,35-55,0,60,N,Pass
8,AAA,2013J,forumng,248270,-10,M,North Western Region,Lower Than A Level,20-30%,0-35,0,90,N,Pass
22,AAA,2013J,homepage,248270,-10,M,North Western Region,Lower Than A Level,20-30%,0-35,0,90,N,Pass
41,AAA,2013J,oucontent,248270,-10,M,North Western Region,Lower Than A Level,20-30%,0-35,0,90,N,Pass
2,AAA,2013J,subpage,248270,-10,M,North Western Region,Lower Than A Level,20-30%,0-35,0,90,N,Pass
1,AAA,2013J,dataplus,255548,-10,M,Wales,Lower Than A Level,20-30%,35-55,0,60,N,Pass
9,AAA,2013J,forumng,255548,-10,M,Wales,Lower Than A Level,20-30%,35-55,0,60,N,Pass
20,AAA,2013J,homepage,255548,-10,M,Wales,Lower Than A Level,20-30%,35-55,0,60,N,Pass
42,AAA,2013J,oucontent,255548,-10,M,Wales,Lower Than A Level,20-30%,35-55,0,60,N,Pass
11,AAA,2013J,subpage,255548,-10,M,Wales,Lower Than A Level,20-30%,35-55,0,60,N,Pass
1,AAA,2013J,url,255548,-10,M,Wales,Lower Than A Level,20-30%,35-55,0,60,N,Pass
6,AAA,2013J,forumng,256815,-10,M,North Western Region,HE Qualification,10-20,0-35,0,120,N,Pass
24,AAA,2013J,homepage,256815,-10,M,North Western Region,HE Qualification,10-20,0-35,0,120,N,Pass
41,AAA,2013J,oucontent,256815,-10,M,North Western Region,HE Qualification,10-20,0-35,0,120,N,Pass
3,AAA,2013J,resource,256815,-10,M,North Western Region,HE Qualification,10-20,0-35,0,120,N,Pass
4,AAA,2013J,subpage,256815,-10,M,North Western Region,HE Qualification,10-20,0-35,0,120,N,Pass
1,AAA,2013J,url,256815,-10,M,North Western Region,HE Qualification,10-20,0-35,0,120,N,Pass
3,AAA,2013J,homepage,258392,-10,F,West Midlands Region,Lower Than A Level,30-40%,0-35,0,60,N,Pass
3,AAA,2013J,oucontent,258392,-10,F,West Midlands Region,Lower Than A Level,30-40%,0-35,0,60,N,Pass
2,AAA,2013J,subpage,258392,-10,F,West Midlands Region,Lower Than A Level,30-40%,0-35,0,60,N,Pass
6,AAA,2013J,forumng,258894,-10,F,East Anglian Region,Lower Than A Level,70-80%,35-55,0,60,N,Pass
17,AAA,2013J,homepage,258894,-10,F,East Anglian Region,Lower Than A Level,70-80%,35-55,0,60,N,Pass
48,AAA,2013J,oucontent,258894,-10,F,East Anglian Region,Lower Than A Level,70-80%,35-55,0,60,N,Pass
2,AAA,2013J,resource,258894,-10,F,East Anglian Region,Lower Than A Level,70-80%,35-55,0,60,N,Pass
6,AAA,2013J,subpage,258894,-10,F,East Anglian Region,Lower Than A Level,70-80%,35-55,0,60,N,Pass
18,AAA,2013J,forumng,262934,-10,F,North Western Region,A Level or Equivalent,30-40%,35-55,0,60,N,Pass
18,AAA,2013J,homepage,262934,-10,F,North Western Region,A Level or Equivalent,30-40%,35-55,0,60,N,Pass
35,AAA,2013J,oucontent,262934,-10,F,North Western Region,A Level or Equivalent,30-40%,35-55,0,60,N,Pass
3,AAA,2013J,resource,262934,-10,F,North Western Region,A Level or Equivalent,30-40%,35-55,0,60,N,Pass
18,AAA,2013J,subpage,262934,-10,F,North Western Region,A Level or Equivalent,30-40%,35-55,0,60,N,Pass
1,AAA,2013J,url,262934,-10,F,North Western Region,A Level or Equivalent,30-40%,35-55,0,60,N,Pass
6,AAA,2013J,forumng,271251,-10,M,Scotland,A Level or Equivalent,80-90%,35-55,0,60,N,Pass
12,AAA,2013J,homepage,271251,-10,M,Scotland,A Level or Equivalent,80-90%,35-55,0,60,N,Pass
56,AAA,2013J,oucontent,271251,-10,M,Scotland,A Level or Equivalent,80-90%,35-55,0,60,N,Pass
3,AAA,2013J,resource,271251,-10,M,Scotland,A Level or Equivalent,80-90%,35-55,0,60,N,Pass
13,AAA,2013J,subpage,271251,-10,M,Scotland,A Level or Equivalent,80-90%,35-55,0,60,N,Pass
2,AAA,2013J,url,271251,-10,M,Scotland,A Level or Equivalent,80-90%,35-55,0,60,N,Pass
4,AAA,2013J,forumng,279572,-10,M,London Region,Lower Than A Level,40-50%,0-35,0,60,N,Distinction
16,AAA,2013J,homepage,279572,-10,M,London Region,Lower Than A Level,40-50%,0-35,0,60,N,Distinction
68,AAA,2013J,oucontent,279572,-10,M,London Region,Lower Than A Level,40-50%,0-35,0,60,N,Distinction
3,AAA,2013J,resource,279572,-10,M,London Region,Lower Than A Level,40-50%,0-35,0,60,N,Distinction
20,AAA,2013J,subpage,279572,-10,M,London Region,Lower Than A Level,40-50%,0-35,0,60,N,Distinction
1,AAA,2013J,dataplus,281250,-10,M,Wales,Lower Than A Level,70-80%,35-55,0,60,N,Fail
7,AAA,2013J,forumng,281250,-10,M,Wales,Lower Than A Level,70-80%,35-55,0,60,N,Fail
5,AAA,2013J,homepage,281250,-10,M,Wales,Lower Than A Level,70-80%,35-55,0,60,N,Fail
12,AAA,2013J,oucontent,281250,-10,M,Wales,Lower Than A Level,70-80%,35-55,0,60,N,Fail
1,AAA,2013J,resource,281250,-10,M,Wales,Lower Than A Level,70-80%,35-55,0,60,N,Fail
5,AAA,2013J,subpage,281250,-10,M,Wales,Lower Than A Level,70-80%,35-55,0,60,N,Fail
3,AAA,2013J,dataplus,282821,-10,M,South West Region,A Level or Equivalent,30-40%,35-55,0,60,N,Pass
4,AAA,2013J,forumng,282821,-10,M,South West Region,A Level or Equivalent,30-40%,35-55,0,60,N,Pass
7,AAA,2013J,homepage,282821,-10,M,South West Region,A Level or Equivalent,30-40%,35-55,0,60,N,Pass
50,AAA,2013J,oucontent,282821,-10,M,South West Region,A Level or Equivalent,30-40%,35-55,0,60,N,Pass
4,AAA,2013J,subpage,282821,-10,M,South West Region,A Level or Equivalent,30-40%,35-55,0,60,N,Pass
4,AAA,2013J,homepage,287548,-10,M,East Anglian Region,A Level or Equivalent,90-100%,0-35,0,120,N,Pass
3,AAA,2013J,oucontent,287548,-10,M,East Anglian Region,A Level or Equivalent,90-100%,0-35,0,120,N,Pass
6,AAA,2013J,forumng,291334,-10,M,South East Region,A Level or Equivalent,90-100%,35-55,0,60,N,Distinction
21,AAA,2013J,homepage,291334,-10,M,South East Region,A Level or Equivalent,90-100%,35-55,0,60,N,Distinction
80,AAA,2013J,oucontent,291334,-10,M,South East Region,A Level or Equivalent,90-100%,35-55,0,60,N,Distinction
5,AAA,2013J,resource,291334,-10,M,South East Region,A Level or Equivalent,90-100%,35-55,0,60,N,Distinction
19,AAA,2013J,subpage,291334,-10,M,South East Region,A Level or Equivalent,90-100%,35-55,0,60,N,Distinction
3,AAA,2013J,forumng,296332,-10,M,South Region,Post Graduate Qualification,90-100%,55<=,0,60,N,Distinction
7,AAA,2013J,homepage,296332,-10,M,South Region,Post Graduate Qualification,90-100%,55<=,0,60,N,Distinction
7,AAA,2013J,oucontent,296332,-10,M,South Region,Post Graduate Qualification,90-100%,55<=,0,60,N,Distinction
2,AAA,2013J,resource,296332,-10,M,South Region,Post Graduate Qualification,90-100%,55<=,0,60,N,Distinction
2,AAA,2013J,subpage,296332,-10,M,South Region,Post Graduate Qualification,90-100%,55<=,0,60,N,Distinction
1,AAA,2013J,homepage,298696,-10,F,South East Region,HE Qualification,80-90%,0-35,0,60,N,Pass
1,AAA,2013J,oucontent,298696,-10,F,South East Region,HE Qualification,80-90%,0-35,0,60,N,Pass
2,AAA,2013J,resource,298696,-10,F,South East Region,HE Qualification,80-90%,0-35,0,60,N,Pass
8,AAA,2013J,forumng,300398,-10,M,West Midlands Region,A Level or Equivalent,30-40%,35-55,0,60,N,Pass
28,AAA,2013J,homepage,300398,-10,M,West Midlands Region,A Level or Equivalent,30-40%,35-55,0,60,N,Pass
61,AAA,2013J,oucontent,300398,-10,M,West Midlands Region,A Level or Equivalent,30-40%,35-55,0,60,N,Pass
13,AAA,2013J,subpage,300398,-10,M,West Midlands Region,A Level or Equivalent,30-40%,35-55,0,60,N,Pass
4,AAA,2013J,forumng,302302,-10,F,East Anglian Region,A Level or Equivalent,40-50%,0-35,0,60,N,Fail
6,AAA,2013J,homepage,302302,-10,F,East Anglian Region,A Level or Equivalent,40-50%,0-35,0,60,N,Fail
9,AAA,2013J,oucontent,302302,-10,F,East Anglian Region,A Level or Equivalent,40-50%,0-35,0,60,N,Fail
1,AAA,2013J,resource,302302,-10,F,East Anglian Region,A Level or Equivalent,40-50%,0-35,0,60,N,Fail
4,AAA,2013J,subpage,302302,-10,F,East Anglian Region,A Level or Equivalent,40-50%,0-35,0,60,N,Fail
2,AAA,2013J,homepage,305539,-10,F,Wales,Lower Than A Level,80-90%,0-35,0,120,N,Withdrawn
6,AAA,2013J,oucontent,305539,-10,F,Wales,Lower Than A Level,80-90%,0-35,0,120,N,Withdrawn
1,AAA,2013J,subpage,305539,-10,F,Wales,Lower Than A Level,80-90%,0-35,0,120,N,Withdrawn
10,AAA,2013J,forumng,306466,-10,M,East Anglian Region,A Level or Equivalent,90-100%,35-55,0,60,N,Pass
4,AAA,2013J,homepage,306466,-10,M,East Anglian Region,A Level or Equivalent,90-100%,35-55,0,60,N,Pass
22,AAA,2013J,oucontent,306466,-10,M,East Anglian Region,A Level or Equivalent,90-100%,35-55,0,60,N,Pass
3,AAA,2013J,resource,306466,-10,M,East Anglian Region,A Level or Equivalent,90-100%,35-55,0,60,N,Pass
3,AAA,2013J,subpage,306466,-10,M,East Anglian Region,A Level or Equivalent,90-100%,35-55,0,60,N,Pass
4,AAA,2013J,forumng,306897,-10,F,London Region,A Level or Equivalent,10-20,0-35,0,60,N,Pass
62,AAA,2013J,homepage,306897,-10,F,London Region,A Level or Equivalent,10-20,0-35,0,60,N,Pass
44,AAA,2013J,oucontent,306897,-10,F,London Region,A Level or Equivalent,10-20,0-35,0,60,N,Pass
9,AAA,2013J,resource,306897,-10,F,London Region,A Level or Equivalent,10-20,0-35,0,60,N,Pass
17,AAA,2013J,subpage,306897,-10,F,London Region,A Level or Equivalent,10-20,0-35,0,60,N,Pass
5,AAA,2013J,url,306897,-10,F,London Region,A Level or Equivalent,10-20,0-35,0,60,N,Pass
6,AAA,2013J,forumng,307866,-10,M,West Midlands Region,A Level or Equivalent,70-80%,0-35,0,60,N,Pass
9,AAA,2013J,homepage,307866,-10,M,West Midlands Region,A Level or Equivalent,70-80%,0-35,0,60,N,Pass
10,AAA,2013J,oucontent,307866,-10,M,West Midlands Region,A Level or Equivalent,70-80%,0-35,0,60,N,Pass
3,AAA,2013J,subpage,307866,-10,M,West Midlands Region,A Level or Equivalent,70-80%,0-35,0,60,N,Pass
3,AAA,2013J,forumng,312537,-10,M,South Region,Post Graduate Qualification,90-100%,55<=,0,60,N,Distinction
8,AAA,2013J,homepage,312537,-10,M,South Region,Post Graduate Qualification,90-100%,55<=,0,60,N,Distinction
2,AAA,2013J,oucontent,312537,-10,M,South Region,Post Graduate Qualification,90-100%,55<=,0,60,N,Distinction
1,AAA,2013J,subpage,312537,-10,M,South Region,Post Graduate Qualification,90-100%,55<=,0,60,N,Distinction
9,AAA,2013J,forumng,312782,-10,M,South Region,A Level or Equivalent,90-100%,0-35,0,60,N,Pass
16,AAA,2013J,homepage,312782,-10,M,South Region,A Level or Equivalent,90-100%,0-35,0,60,N,Pass
1,AAA,2013J,oucontent,312782,-10,M,South Region,A Level or Equivalent,90-100%,0-35,0,60,N,Pass
3,AAA,2013J,resource,312782,-10,M,South Region,A Level or Equivalent,90-100%,0-35,0,60,N,Pass
2,AAA,2013J,subpage,312782,-10,M,South Region,A Level or Equivalent,90-100%,0-35,0,60,N,Pass
6,AAA,2013J,forumng,318933,-10,F,East Anglian Region,HE Qualification,80-90%,0-35,0,120,N,Pass
16,AAA,2013J,homepage,318933,-10,F,East Anglian Region,HE Qualification,80-90%,0-35,0,120,N,Pass
43,AAA,2013J,oucontent,318933,-10,F,East Anglian Region,HE Qualification,80-90%,0-35,0,120,N,Pass
2,AAA,2013J,resource,318933,-10,F,East Anglian Region,HE Qualification,80-90%,0-35,0,120,N,Pass
5,AAA,2013J,subpage,318933,-10,F,East Anglian Region,HE Qualification,80-90%,0-35,0,120,N,Pass
13,AAA,2013J,forumng,319047,-10,F,East Midlands Region,A Level or Equivalent,50-60%,0-35,0,60,N,Pass
14,AAA,2013J,homepage,319047,-10,F,East Midlands Region,A Level or Equivalent,50-60%,0-35,0,60,N,Pass
35,AAA,2013J,oucontent,319047,-10,F,East Midlands Region,A Level or Equivalent,50-60%,0-35,0,60,N,Pass
5,AAA,2013J,subpage,319047,-10,F,East Midlands Region,A Level or Equivalent,50-60%,0-35,0,60,N,Pass
15,AAA,2013J,forumng,321942,-10,M,South Region,HE Qualification,90-100%,55<=,0,60,N,Pass
34,AAA,2013J,homepage,321942,-10,M,South Region,HE Qualification,90-100%,55<=,0,60,N,Pass
66,AAA,2013J,oucontent,321942,-10,M,South Region,HE Qualification,90-100%,55<=,0,60,N,Pass
11,AAA,2013J,resource,321942,-10,M,South Region,HE Qualification,90-100%,55<=,0,60,N,Pass
25,AAA,2013J,subpage,321942,-10,M,South Region,HE Qualification,90-100%,55<=,0,60,N,Pass
3,AAA,2013J,forumng,324084,-10,F,South West Region,A Level or Equivalent,10-20,35-55,0,60,N,Pass
13,AAA,2013J,homepage,324084,-10,F,South West Region,A Level or Equivalent,10-20,35-55,0,60,N,Pass
10,AAA,2013J,oucontent,324084,-10,F,South West Region,A Level or Equivalent,10-20,35-55,0,60,N,Pass
3,AAA,2013J,resource,324084,-10,F,South West Region,A Level or Equivalent,10-20,35-55,0,60,N,Pass
1,AAA,2013J,subpage,324084,-10,F,South West Region,A Level or Equivalent,10-20,35-55,0,60,N,Pass
1,AAA,2013J,homepage,324282,-10,M,South East Region,A Level or Equivalent,90-100%,0-35,0,120,N,Pass
21,AAA,2013J,homepage,331358,-10,F,South Region,HE Qualification,90-100%,35-55,0,60,N,Withdrawn
21,AAA,2013J,homepage,331358,-10,F,South Region,HE Qualification,90-100%,35-55,1,60,N,Distinction
82,AAA,2013J,oucontent,331358,-10,F,South Region,HE Qualification,90-100%,35-55,0,60,N,Withdrawn
82,AAA,2013J,oucontent,331358,-10,F,South Region,HE Qualification,90-100%,35-55,1,60,N,Distinction
1,AAA,2013J,resource,331358,-10,F,South Region,HE Qualification,90-100%,35-55,0,60,N,Withdrawn
1,AAA,2013J,resource,331358,-10,F,South Region,HE Qualification,90-100%,35-55,1,60,N,Distinction
9,AAA,2013J,subpage,331358,-10,F,South Region,HE Qualification,90-100%,35-55,0,60,N,Withdrawn
9,AAA,2013J,subpage,331358,-10,F,South Region,HE Qualification,90-100%,35-55,1,60,N,Distinction
10,AAA,2013J,homepage,333323,-10,M,Scotland,HE Qualification,80-90%,0-35,0,60,N,Pass
12,AAA,2013J,oucontent,333323,-10,M,Scotland,HE Qualification,80-90%,0-35,0,60,N,Pass
2,AAA,2013J,resource,333323,-10,M,Scotland,HE Qualification,80-90%,0-35,0,60,N,Pass
1,AAA,2013J,subpage,333323,-10,M,Scotland,HE Qualification,80-90%,0-35,0,60,N,Pass
6,AAA,2013J,homepage,334333,-10,F,South West Region,A Level or Equivalent,0-10%,0-35,0,240,Y,Withdrawn
20,AAA,2013J,forumng,335764,-10,F,South East Region,A Level or Equivalent,20-30%,0-35,0,60,N,Withdrawn
20,AAA,2013J,forumng,335764,-10,F,South East Region,A Level or Equivalent,20-30%,0-35,1,60,N,Pass
23,AAA,2013J,homepage,335764,-10,F,South East Region,A Level or Equivalent,20-30%,0-35,0,60,N,Withdrawn
23,AAA,2013J,homepage,335764,-10,F,South East Region,A Level or Equivalent,20-30%,0-35,1,60,N,Pass
52,AAA,2013J,oucontent,335764,-10,F,South East Region,A Level or Equivalent,20-30%,0-35,0,60,N,Withdrawn
52,AAA,2013J,oucontent,335764,-10,F,South East Region,A Level or Equivalent,20-30%,0-35,1,60,N,Pass
2,AAA,2013J,resource,335764,-10,F,South East Region,A Level or Equivalent,20-30%,0-35,0,60,N,Withdrawn
2,AAA,2013J,resource,335764,-10,F,South East Region,A Level or Equivalent,20-30%,0-35,1,60,N,Pass
7,AAA,2013J,subpage,335764,-10,F,South East Region,A Level or Equivalent,20-30%,0-35,0,60,N,Withdrawn
7,AAA,2013J,subpage,335764,-10,F,South East Region,A Level or Equivalent,20-30%,0-35,1,60,N,Pass
1,AAA,2013J,homepage,336207,-10,M,East Anglian Region,A Level or Equivalent,90-100%,0-35,0,120,N,Pass
2,AAA,2013J,homepage,342007,-10,F,West Midlands Region,HE Qualification,70-80%,0-35,0,60,N,Withdrawn
2,AAA,2013J,homepage,342007,-10,F,West Midlands Region,HE Qualification,70-80%,0-35,1,60,N,Pass
3,AAA,2013J,homepage,342514,-10,M,Scotland,Lower Than A Level,50-60%,55<=,0,60,N,Pass
20,AAA,2013J,oucontent,342514,-10,M,Scotland,Lower Than A Level,50-60%,55<=,0,60,N,Pass
7,AAA,2013J,resource,342514,-10,M,Scotland,Lower Than A Level,50-60%,55<=,0,60,N,Pass
12,AAA,2013J,subpage,342514,-10,M,Scotland,Lower Than A Level,50-60%,55<=,0,60,N,Pass
7,AAA,2013J,homepage,342972,-10,M,Yorkshire Region,HE Qualification,0-10%,0-35,0,60,N,Pass
10,AAA,2013J,oucontent,342972,-10,M,Yorkshire Region,HE Qualification,0-10%,0-35,0,60,N,Pass
7,AAA,2013J,subpage,342972,-10,M,Yorkshire Region,HE Qualification,0-10%,0-35,0,60,N,Pass
5,AAA,2013J,forumng,343446,-10,M,Ireland,HE Qualification,70-80%,35-55,0,120,N,Pass
4,AAA,2013J,homepage,343446,-10,M,Ireland,HE Qualification,70-80%,35-55,0,120,N,Pass
19,AAA,2013J,oucontent,343446,-10,M,Ireland,HE Qualification,70-80%,35-55,0,120,N,Pass
9,AAA,2013J,resource,343446,-10,M,Ireland,HE Qualification,70-80%,35-55,0,120,N,Pass
2,AAA,2013J,subpage,343446,-10,M,Ireland,HE Qualification,70-80%,35-55,0,120,N,Pass
3,AAA,2013J,homepage,350188,-10,M,North Western Region,HE Qualification,80-90%,35-55,0,60,N,Pass
4,AAA,2013J,oucontent,350188,-10,M,North Western Region,HE Qualification,80-90%,35-55,0,60,N,Pass
2,AAA,2013J,subpage,350188,-10,M,North Western Region,HE Qualification,80-90%,35-55,0,60,N,Pass
14,AAA,2013J,homepage,365642,-10,M,East Anglian Region,Lower Than A Level,10-20,35-55,0,60,N,Pass
29,AAA,2013J,oucontent,365642,-10,M,East Anglian Region,Lower Than A Level,10-20,35-55,0,60,N,Pass
3,AAA,2013J,subpage,365642,-10,M,East Anglian Region,Lower Than A Level,10-20,35-55,0,60,N,Pass
1,AAA,2013J,dataplus,368963,-10,M,Yorkshire Region,Lower Than A Level,0-10%,0-35,0,180,N,Pass
2,AAA,2013J,glossary,368963,-10,M,Yorkshire Region,Lower Than A Level,0-10%,0-35,0,180,N,Pass
5,AAA,2013J,homepage,368963,-10,M,Yorkshire Region,Lower Than A Level,0-10%,0-35,0,180,N,Pass
8,AAA,2013J,oucontent,368963,-10,M,Yorkshire Region,Lower Than A Level,0-10%,0-35,0,180,N,Pass
2,AAA,2013J,resource,368963,-10,M,Yorkshire Region,Lower Than A Level,0-10%,0-35,0,180,N,Pass
6,AAA,2013J,subpage,368963,-10,M,Yorkshire Region,Lower Than A Level,0-10%,0-35,0,180,N,Pass
1,AAA,2013J,url,368963,-10,M,Yorkshire Region,Lower Than A Level,0-10%,0-35,0,180,N,Pass
14,AAA,2013J,forumng,376439,-10,M,North Region,HE Qualification,,0-35,0,60,N,Distinction
1,AAA,2013J,glossary,376439,-10,M,North Region,HE Qualification,,0-35,0,60,N,Distinction
23,AAA,2013J,homepage,376439,-10,M,North Region,HE Qualification,,0-35,0,60,N,Distinction
100,AAA,2013J,oucontent,376439,-10,M,North Region,HE Qualification,,0-35,0,60,N,Distinction
5,AAA,2013J,resource,376439,-10,M,North Region,HE Qualification,,0-35,0,60,N,Distinction
18,AAA,2013J,subpage,376439,-10,M,North Region,HE Qualification,,0-35,0,60,N,Distinction
3,AAA,2013J,homepage,380953,-10,M,East Midlands Region,A Level or Equivalent,80-90%,0-35,0,60,N,Pass
6,AAA,2013J,oucontent,380953,-10,M,East Midlands Region,A Level or Equivalent,80-90%,0-35,0,60,N,Pass
2,AAA,2013J,subpage,380953,-10,M,East Midlands Region,A Level or Equivalent,80-90%,0-35,0,60,N,Pass
1,AAA,2013J,homepage,386952,-10,M,Yorkshire Region,A Level or Equivalent,70-80%,0-35,0,120,N,Pass
19,AAA,2013J,oucontent,386952,-10,M,Yorkshire Region,A Level or Equivalent,70-80%,0-35,0,120,N,Pass
1,AAA,2013J,subpage,386952,-10,M,Yorkshire Region,A Level or Equivalent,70-80%,0-35,0,120,N,Pass
3,AAA,2013J,forumng,388722,-10,F,London Region,Lower Than A Level,80-90%,35-55,0,60,N,Pass
7,AAA,2013J,homepage,388722,-10,F,London Region,Lower Than A Level,80-90%,35-55,0,60,N,Pass
11,AAA,2013J,oucontent,388722,-10,F,London Region,Lower Than A Level,80-90%,35-55,0,60,N,Pass
1,AAA,2013J,subpage,388722,-10,F,London Region,Lower Than A Level,80-90%,35-55,0,60,N,Pass
4,AAA,2013J,homepage,388885,-10,M,South West Region,A Level or Equivalent,90-100%,35-55,0,60,N,Pass
3,AAA,2013J,oucontent,388885,-10,M,South West Region,A Level or Equivalent,90-100%,35-55,0,60,N,Pass
1,AAA,2013J,subpage,388885,-10,M,South West Region,A Level or Equivalent,90-100%,35-55,0,60,N,Pass
5,AAA,2013J,forumng,392931,-10,F,North Western Region,A Level or Equivalent,50-60%,35-55,0,120,N,Pass
9,AAA,2013J,homepage,392931,-10,F,North Western Region,A Level or Equivalent,50-60%,35-55,0,120,N,Pass
11,AAA,2013J,oucontent,392931,-10,F,North Western Region,A Level or Equivalent,50-60%,35-55,0,120,N,Pass
4,AAA,2013J,resource,392931,-10,F,North Western Region,A Level or Equivalent,50-60%,35-55,0,120,N,Pass
8,AAA,2013J,subpage,392931,-10,F,North Western Region,A Level or Equivalent,50-60%,35-55,0,120,N,Pass
1,AAA,2013J,homepage,393207,-10,M,North Western Region,A Level or Equivalent,60-70%,0-35,0,60,N,Pass
7,AAA,2013J,forumng,396872,-10,M,Yorkshire Region,HE Qualification,50-60%,0-35,0,180,N,Pass
5,AAA,2013J,homepage,396872,-10,M,Yorkshire Region,HE Qualification,50-60%,0-35,0,180,N,Pass
11,AAA,2013J,oucontent,396872,-10,M,Yorkshire Region,HE Qualification,50-60%,0-35,0,180,N,Pass
3,AAA,2013J,subpage,396872,-10,M,Yorkshire Region,HE Qualification,50-60%,0-35,0,180,N,Pass
5,AAA,2013J,forumng,401869,-10,F,South East Region,Lower Than A Level,80-90%,0-35,0,60,N,Pass
7,AAA,2013J,homepage,401869,-10,F,South East Region,Lower Than A Level,80-90%,0-35,0,60,N,Pass
13,AAA,2013J,oucontent,401869,-10,F,South East Region,Lower Than A Level,80-90%,0-35,0,60,N,Pass
7,AAA,2013J,subpage,401869,-10,F,South East Region,Lower Than A Level,80-90%,0-35,0,60,N,Pass
1,AAA,2013J,homepage,404804,-10,M,Wales,Lower Than A Level,20-30%,35-55,0,120,N,Pass
5,AAA,2013J,oucontent,404804,-10,M,Wales,Lower Than A Level,20-30%,35-55,0,120,N,Pass
2,AAA,2013J,resource,404804,-10,M,Wales,Lower Than A Level,20-30%,35-55,0,120,N,Pass
3,AAA,2013J,subpage,404804,-10,M,Wales,Lower Than A Level,20-30%,35-55,0,120,N,Pass
23,AAA,2013J,homepage,405088,-10,M,North Region,A Level or Equivalent,20-30%,0-35,0,120,N,Pass
22,AAA,2013J,oucontent,405088,-10,M,North Region,A Level or Equivalent,20-30%,0-35,0,120,N,Pass
5,AAA,2013J,resource,405088,-10,M,North Region,A Level or Equivalent,20-30%,0-35,0,120,N,Pass
5,AAA,2013J,subpage,405088,-10,M,North Region,A Level or Equivalent,20-30%,0-35,0,120,N,Pass
4,AAA,2013J,homepage,414117,-10,M,Yorkshire Region,A Level or Equivalent,50-60%,0-35,0,120,N,Pass
2,AAA,2013J,forumng,415969,-10,M,West Midlands Region,HE Qualification,0-10%,35-55,0,90,N,Withdrawn
2,AAA,2013J,forumng,415969,-10,M,West Midlands Region,HE Qualification,0-10%,35-55,1,60,N,Fail
11,AAA,2013J,homepage,415969,-10,M,West Midlands Region,HE Qualification,0-10%,35-55,0,90,N,Withdrawn
11,AAA,2013J,homepage,415969,-10,M,West Midlands Region,HE Qualification,0-10%,35-55,1,60,N,Fail
36,AAA,2013J,oucontent,415969,-10,M,West Midlands Region,HE Qualification,0-10%,35-55,0,90,N,Withdrawn
36,AAA,2013J,oucontent,415969,-10,M,West Midlands Region,HE Qualification,0-10%,35-55,1,60,N,Fail
2,AAA,2013J,resource,415969,-10,M,West Midlands Region,HE Qualification,0-10%,35-55,0,90,N,Withdrawn
2,AAA,2013J,resource,415969,-10,M,West Midlands Region,HE Qualification,0-10%,35-55,1,60,N,Fail
2,AAA,2013J,subpage,415969,-10,M,West Midlands Region,HE Qualification,0-10%,35-55,0,90,N,Withdrawn
2,AAA,2013J,subpage,415969,-10,M,West Midlands Region,HE Qualification,0-10%,35-55,1,60,N,Fail
4,AAA,2013J,forumng,441018,-10,F,South East Region,A Level or Equivalent,70-80%,0-35,0,150,N,Pass
3,AAA,2013J,glossary,441018,-10,F,South East Region,A Level or Equivalent,70-80%,0-35,0,150,N,Pass
8,AAA,2013J,homepage,441018,-10,F,South East Region,A Level or Equivalent,70-80%,0-35,0,150,N,Pass
41,AAA,2013J,oucontent,441018,-10,F,South East Region,A Level or Equivalent,70-80%,0-35,0,150,N,Pass
2,AAA,2013J,resource,441018,-10,F,South East Region,A Level or Equivalent,70-80%,0-35,0,150,N,Pass
6,AAA,2013J,subpage,441018,-10,F,South East Region,A Level or Equivalent,70-80%,0-35,0,150,N,Pass
1,AAA,2013J,dataplus,442442,-10,M,South West Region,HE Qualification,80-90%,0-35,0,120,N,Withdrawn
2,AAA,2013J,forumng,442442,-10,M,South West Region,HE Qualification,80-90%,0-35,0,120,N,Withdrawn
7,AAA,2013J,homepage,442442,-10,M,South West Region,HE Qualification,80-90%,0-35,0,120,N,Withdrawn
4,AAA,2013J,oucontent,442442,-10,M,South West Region,HE Qualification,80-90%,0-35,0,120,N,Withdrawn
5,AAA,2013J,resource,442442,-10,M,South West Region,HE Qualification,80-90%,0-35,0,120,N,Withdrawn
4,AAA,2013J,subpage,442442,-10,M,South West Region,HE Qualification,80-90%,0-35,0,120,N,Withdrawn
4,AAA,2013J,forumng,470588,-10,M,South East Region,HE Qualification,90-100%,35-55,0,60,N,Withdrawn
4,AAA,2013J,forumng,470588,-10,M,South East Region,HE Qualification,90-100%,35-55,1,60,N,Withdrawn
4,AAA,2013J,homepage,470588,-10,M,South East Region,HE Qualification,90-100%,35-55,0,60,N,Withdrawn
4,AAA,2013J,homepage,470588,-10,M,South East Region,HE Qualification,90-100%,35-55,1,60,N,Withdrawn
12,AAA,2013J,oucontent,470588,-10,M,South East Region,HE Qualification,90-100%,35-55,0,60,N,Withdrawn
12,AAA,2013J,oucontent,470588,-10,M,South East Region,HE Qualification,90-100%,35-55,1,60,N,Withdrawn
4,AAA,2013J,subpage,470588,-10,M,South East Region,HE Qualification,90-100%,35-55,0,60,N,Withdrawn
4,AAA,2013J,subpage,470588,-10,M,South East Region,HE Qualification,90-100%,35-55,1,60,N,Withdrawn
3,AAA,2013J,forumng,489455,-10,F,South West Region,A Level or Equivalent,20-30%,0-35,0,60,N,Pass
18,AAA,2013J,homepage,489455,-10,F,South West Region,A Level or Equivalent,20-30%,0-35,0,60,N,Pass
47,AAA,2013J,oucontent,489455,-10,F,South West Region,A Level or Equivalent,20-30%,0-35,0,60,N,Pass
4,AAA,2013J,resource,489455,-10,F,South West Region,A Level or Equivalent,20-30%,0-35,0,60,N,Pass
14,AAA,2013J,subpage,489455,-10,F,South West Region,A Level or Equivalent,20-30%,0-35,0,60,N,Pass
2,AAA,2013J,homepage,512460,-10,M,South East Region,HE Qualification,90-100%,0-35,0,120,N,Pass
1,AAA,2013J,oucontent,512460,-10,M,South East Region,HE Qualification,90-100%,0-35,0,120,N,Pass
22,AAA,2013J,forumng,544103,-10,M,North Western Region,HE Qualification,40-50%,0-35,0,120,N,Pass
22,AAA,2013J,homepage,544103,-10,M,North Western Region,HE Qualification,40-50%,0-35,0,120,N,Pass
51,AAA,2013J,oucontent,544103,-10,M,North Western Region,HE Qualification,40-50%,0-35,0,120,N,Pass
7,AAA,2013J,resource,544103,-10,M,North Western Region,HE Qualification,40-50%,0-35,0,120,N,Pass
17,AAA,2013J,subpage,544103,-10,M,North Western Region,HE Qualification,40-50%,0-35,0,120,N,Pass
3,AAA,2013J,homepage,550383,-10,M,South East Region,HE Qualification,60-70%,0-35,0,60,N,Pass
2,AAA,2013J,homepage,588775,-10,M,South West Region,A Level or Equivalent,90-100%,0-35,0,120,N,Pass
1,AAA,2013J,oucontent,588775,-10,M,South West Region,A Level or Equivalent,90-100%,0-35,0,120,N,Pass
7,AAA,2013J,homepage,603861,-10,M,North Region,HE Qualification,,55<=,0,60,N,Withdrawn
7,AAA,2013J,homepage,603861,-10,M,North Region,HE Qualification,,55<=,1,60,N,Withdrawn
28,AAA,2013J,oucontent,603861,-10,M,North Region,HE Qualification,,55<=,0,60,N,Withdrawn
28,AAA,2013J,oucontent,603861,-10,M,North Region,HE Qualification,,55<=,1,60,N,Withdrawn
1,AAA,2013J,subpage,603861,-10,M,North Region,HE Qualification,,55<=,0,60,N,Withdrawn
1,AAA,2013J,subpage,603861,-10,M,North Region,HE Qualification,,55<=,1,60,N,Withdrawn
4,AAA,2013J,homepage,704156,-10,M,South Region,HE Qualification,90-100%,55<=,0,120,N,Pass
49,AAA,2013J,oucontent,704156,-10,M,South Region,HE Qualification,90-100%,55<=,0,120,N,Pass
1,AAA,2013J,resource,704156,-10,M,South Region,HE Qualification,90-100%,55<=,0,120,N,Pass
3,AAA,2013J,subpage,704156,-10,M,South Region,HE Qualification,90-100%,55<=,0,120,N,Pass
9,AAA,2013J,dataplus,705379,-10,M,West Midlands Region,A Level or Equivalent,60-70%,55<=,0,120,N,Distinction
17,AAA,2013J,forumng,705379,-10,M,West Midlands Region,A Level or Equivalent,60-70%,55<=,0,120,N,Distinction
26,AAA,2013J,homepage,705379,-10,M,West Midlands Region,A Level or Equivalent,60-70%,55<=,0,120,N,Distinction
25,AAA,2013J,oucontent,705379,-10,M,West Midlands Region,A Level or Equivalent,60-70%,55<=,0,120,N,Distinction
7,AAA,2013J,resource,705379,-10,M,West Midlands Region,A Level or Equivalent,60-70%,55<=,0,120,N,Distinction
29,AAA,2013J,subpage,705379,-10,M,West Midlands Region,A Level or Equivalent,60-70%,55<=,0,120,N,Distinction
17,AAA,2013J,forumng,721259,-10,F,South Region,Lower Than A Level,50-60%,55<=,0,120,N,Withdrawn
17,AAA,2013J,forumng,721259,-10,F,South Region,Lower Than A Level,50-60%,55<=,1,60,N,Withdrawn
11,AAA,2013J,homepage,721259,-10,F,South Region,Lower Than A Level,50-60%,55<=,0,120,N,Withdrawn
11,AAA,2013J,homepage,721259,-10,F,South Region,Lower Than A Level,50-60%,55<=,1,60,N,Withdrawn
33,AAA,2013J,oucontent,721259,-10,F,South Region,Lower Than A Level,50-60%,55<=,0,120,N,Withdrawn
33,AAA,2013J,oucontent,721259,-10,F,South Region,Lower Than A Level,50-60%,55<=,1,60,N,Withdrawn
4,AAA,2013J,resource,721259,-10,F,South Region,Lower Than A Level,50-60%,55<=,0,120,N,Withdrawn
4,AAA,2013J,resource,721259,-10,F,South Region,Lower Than A Level,50-60%,55<=,1,60,N,Withdrawn
5,AAA,2013J,subpage,721259,-10,F,South Region,Lower Than A Level,50-60%,55<=,0,120,N,Withdrawn
5,AAA,2013J,subpage,721259,-10,F,South Region,Lower Than A Level,50-60%,55<=,1,60,N,Withdrawn
1,AAA,2013J,url,721259,-10,F,South Region,Lower Than A Level,50-60%,55<=,0,120,N,Withdrawn
1,AAA,2013J,url,721259,-10,F,South Region,Lower Than A Level,50-60%,55<=,1,60,N,Withdrawn
12,AAA,2013J,forumng,749412,-10,M,South Region,Lower Than A Level,70-80%,55<=,0,60,N,Pass
18,AAA,2013J,homepage,749412,-10,M,South Region,Lower Than A Level,70-80%,55<=,0,60,N,Pass
48,AAA,2013J,oucontent,749412,-10,M,South Region,Lower Than A Level,70-80%,55<=,0,60,N,Pass
2,AAA,2013J,resource,749412,-10,M,South Region,Lower Than A Level,70-80%,55<=,0,60,N,Pass
14,AAA,2013J,subpage,749412,-10,M,South Region,Lower Than A Level,70-80%,55<=,0,60,N,Pass
1,AAA,2013J,dataplus,760729,-10,M,West Midlands Region,A Level or Equivalent,60-70%,55<=,0,60,N,Distinction
10,AAA,2013J,forumng,760729,-10,M,West Midlands Region,A Level or Equivalent,60-70%,55<=,0,60,N,Distinction
1,AAA,2013J,glossary,760729,-10,M,West Midlands Region,A Level or Equivalent,60-70%,55<=,0,60,N,Distinction
35,AAA,2013J,homepage,760729,-10,M,West Midlands Region,A Level or Equivalent,60-70%,55<=,0,60,N,Distinction
92,AAA,2013J,oucontent,760729,-10,M,West Midlands Region,A Level or Equivalent,60-70%,55<=,0,60,N,Distinction
3,AAA,2013J,resource,760729,-10,M,West Midlands Region,A Level or Equivalent,60-70%,55<=,0,60,N,Distinction
21,AAA,2013J,subpage,760729,-10,M,West Midlands Region,A Level or Equivalent,60-70%,55<=,0,60,N,Distinction
2,AAA,2013J,url,760729,-10,M,West Midlands Region,A Level or Equivalent,60-70%,55<=,0,60,N,Distinction
9,AAA,2013J,forumng,949618,-10,F,South West Region,A Level or Equivalent,50-60%,35-55,0,60,N,Pass
12,AAA,2013J,homepage,949618,-10,F,South West Region,A Level or Equivalent,50-60%,35-55,0,60,N,Pass
20,AAA,2013J,oucontent,949618,-10,F,South West Region,A Level or Equivalent,50-60%,35-55,0,60,N,Pass
6,AAA,2013J,resource,949618,-10,F,South West Region,A Level or Equivalent,50-60%,35-55,0,60,N,Pass
20,AAA,2013J,subpage,949618,-10,F,South West Region,A Level or Equivalent,50-60%,35-55,0,60,N,Pass
1,AAA,2013J,url,949618,-10,F,South West Region,A Level or Equivalent,50-60%,35-55,0,60,N,Pass
4,AAA,2013J,homepage,958987,-10,M,North Western Region,HE Qualification,40-50%,35-55,0,60,N,Pass
14,AAA,2013J,oucontent,958987,-10,M,North Western Region,HE Qualification,40-50%,35-55,0,60,N,Pass
2,AAA,2013J,subpage,958987,-10,M,North Western Region,HE Qualification,40-50%,35-55,0,60,N,Pass
10,AAA,2013J,homepage,968578,-10,F,East Anglian Region,A Level or Equivalent,40-50%,35-55,0,60,N,Pass
22,AAA,2013J,oucontent,968578,-10,F,East Anglian Region,A Level or Equivalent,40-50%,35-55,0,60,N,Pass
2,AAA,2013J,resource,968578,-10,F,East Anglian Region,A Level or Equivalent,40-50%,35-55,0,60,N,Pass
9,AAA,2013J,subpage,968578,-10,F,East Anglian Region,A Level or Equivalent,40-50%,35-55,0,60,N,Pass
6,AAA,2013J,forumng,971027,-10,F,West Midlands Region,HE Qualification,90-100%,35-55,0,60,N,Pass
3,AAA,2013J,homepage,971027,-10,F,West Midlands Region,HE Qualification,90-100%,35-55,0,60,N,Pass
1,AAA,2013J,oucontent,971027,-10,F,West Midlands Region,HE Qualification,90-100%,35-55,0,60,N,Pass
26,AAA,2013J,forumng,978739,-10,M,South Region,HE Qualification,90-100%,35-55,0,60,N,Pass
24,AAA,2013J,homepage,978739,-10,M,South Region,HE Qualification,90-100%,35-55,0,60,N,Pass
16,AAA,2013J,oucontent,978739,-10,M,South Region,HE Qualification,90-100%,35-55,0,60,N,Pass
4,AAA,2013J,resource,978739,-10,M,South Region,HE Qualification,90-100%,35-55,0,60,N,Pass
4,AAA,2013J,subpage,978739,-10,M,South Region,HE Qualification,90-100%,35-55,0,60,N,Pass
2,AAA,2013J,forumng,1686521,-10,F,North Western Region,Lower Than A Level,50-60%,35-55,0,60,N,Withdrawn
4,AAA,2013J,homepage,1686521,-10,F,North Western Region,Lower Than A Level,50-60%,35-55,0,60,N,Withdrawn
1,AAA,2013J,oucontent,1686521,-10,F,North Western Region,Lower Than A Level,50-60%,35-55,0,60,N,Withdrawn
2,AAA,2013J,forumng,1729319,-10,F,Scotland,HE Qualification,40-50%,35-55,0,60,N,Pass
25,AAA,2013J,homepage,1729319,-10,F,Scotland,HE Qualification,40-50%,35-55,0,60,N,Pass
23,AAA,2013J,oucontent,1729319,-10,F,Scotland,HE Qualification,40-50%,35-55,0,60,N,Pass
13,AAA,2013J,resource,1729319,-10,F,Scotland,HE Qualification,40-50%,35-55,0,60,N,Pass
10,AAA,2013J,subpage,1729319,-10,F,Scotland,HE Qualification,40-50%,35-55,0,60,N,Pass
13,AAA,2013J,forumng,1758449,-10,M,South Region,Lower Than A Level,30-40%,35-55,0,75,N,Withdrawn
15,AAA,2013J,homepage,1758449,-10,M,South Region,Lower Than A Level,30-40%,35-55,0,75,N,Withdrawn
2,AAA,2013J,oucontent,1758449,-10,M,South Region,Lower Than A Level,30-40%,35-55,0,75,N,Withdrawn
5,AAA,2013J,resource,1758449,-10,M,South Region,Lower Than A Level,30-40%,35-55,0,75,N,Withdrawn
2,AAA,2013J,subpage,1758449,-10,M,South Region,Lower Than A Level,30-40%,35-55,0,75,N,Withdrawn
6,AAA,2013J,forumng,1765788,-10,M,South East Region,HE Qualification,70-80%,55<=,0,60,N,Pass
12,AAA,2013J,homepage,1765788,-10,M,South East Region,HE Qualification,70-80%,55<=,0,60,N,Pass
18,AAA,2013J,oucontent,1765788,-10,M,South East Region,HE Qualification,70-80%,55<=,0,60,N,Pass
9,AAA,2013J,homepage,1801641,-10,M,Scotland,A Level or Equivalent,30-40%,35-55,0,60,N,Pass
6,AAA,2013J,oucontent,1801641,-10,M,Scotland,A Level or Equivalent,30-40%,35-55,0,60,N,Pass
1,AAA,2013J,subpage,1801641,-10,M,Scotland,A Level or Equivalent,30-40%,35-55,0,60,N,Pass
7,AAA,2013J,forumng,1847830,-10,M,South West Region,Lower Than A Level,40-50%,35-55,0,60,N,Pass
12,AAA,2013J,homepage,1847830,-10,M,South West Region,Lower Than A Level,40-50%,35-55,0,60,N,Pass
1,AAA,2013J,resource,1847830,-10,M,South West Region,Lower Than A Level,40-50%,35-55,0,60,N,Pass
2,AAA,2013J,subpage,1847830,-10,M,South West Region,Lower Than A Level,40-50%,35-55,0,60,N,Pass
3,AAA,2013J,homepage,1860318,-10,M,South West Region,Lower Than A Level,40-50%,35-55,0,300,Y,Pass
1,AAA,2013J,subpage,1860318,-10,M,South West Region,Lower Than A Level,40-50%,35-55,0,300,Y,Pass
7,AAA,2013J,forumng,1889511,-10,M,Yorkshire Region,A Level or Equivalent,50-60%,35-55,0,60,N,Pass
5,AAA,2013J,homepage,1889511,-10,M,Yorkshire Region,A Level or Equivalent,50-60%,35-55,0,60,N,Pass
6,AAA,2013J,oucontent,1889511,-10,M,Yorkshire Region,A Level or Equivalent,50-60%,35-55,0,60,N,Pass
1,AAA,2013J,resource,1889511,-10,M,Yorkshire Region,A Level or Equivalent,50-60%,35-55,0,60,N,Pass
3,AAA,2013J,subpage,1889511,-10,M,Yorkshire Region,A Level or Equivalent,50-60%,35-55,0,60,N,Pass
28,AAA,2013J,homepage,1894188,-10,F,East Midlands Region,A Level or Equivalent,80-90%,0-35,0,60,N,Pass
101,AAA,2013J,oucontent,1894188,-10,F,East Midlands Region,A Level or Equivalent,80-90%,0-35,0,60,N,Pass
1,AAA,2013J,resource,1894188,-10,F,East Midlands Region,A Level or Equivalent,80-90%,0-35,0,60,N,Pass
8,AAA,2013J,subpage,1894188,-10,F,East Midlands Region,A Level or Equivalent,80-90%,0-35,0,60,N,Pass
1,AAA,2013J,url,1894188,-10,F,East Midlands Region,A Level or Equivalent,80-90%,0-35,0,60,N,Pass
11,AAA,2013J,forumng,1938355,-10,M,South Region,A Level or Equivalent,90-100%,35-55,0,60,N,Pass
26,AAA,2013J,homepage,1938355,-10,M,South Region,A Level or Equivalent,90-100%,35-55,0,60,N,Pass
42,AAA,2013J,oucontent,1938355,-10,M,South Region,A Level or Equivalent,90-100%,35-55,0,60,N,Pass
6,AAA,2013J,resource,1938355,-10,M,South Region,A Level or Equivalent,90-100%,35-55,0,60,N,Pass
17,AAA,2013J,subpage,1938355,-10,M,South Region,A Level or Equivalent,90-100%,35-55,0,60,N,Pass
3,AAA,2013J,url,1938355,-10,M,South Region,A Level or Equivalent,90-100%,35-55,0,60,N,Pass
1,AAA,2013J,dataplus,1970390,-10,M,West Midlands Region,Lower Than A Level,0-10%,35-55,0,60,N,Withdrawn
1,AAA,2013J,dataplus,1970390,-10,M,West Midlands Region,Lower Than A Level,0-10%,35-55,1,120,N,Pass
59,AAA,2013J,forumng,1970390,-10,M,West Midlands Region,Lower Than A Level,0-10%,35-55,0,60,N,Withdrawn
59,AAA,2013J,forumng,1970390,-10,M,West Midlands Region,Lower Than A Level,0-10%,35-55,1,120,N,Pass
51,AAA,2013J,homepage,1970390,-10,M,West Midlands Region,Lower Than A Level,0-10%,35-55,0,60,N,Withdrawn
51,AAA,2013J,homepage,1970390,-10,M,West Midlands Region,Lower Than A Level,0-10%,35-55,1,120,N,Pass
13,AAA,2013J,oucontent,1970390,-10,M,West Midlands Region,Lower Than A Level,0-10%,35-55,0,60,N,Withdrawn
13,AAA,2013J,oucontent,1970390,-10,M,West Midlands Region,Lower Than A Level,0-10%,35-55,1,120,N,Pass
6,AAA,2013J,resource,1970390,-10,M,West Midlands Region,Lower Than A Level,0-10%,35-55,0,60,N,Withdrawn
6,AAA,2013J,resource,1970390,-10,M,West Midlands Region,Lower Than A Level,0-10%,35-55,1,120,N,Pass
5,AAA,2013J,subpage,1970390,-10,M,West Midlands Region,Lower Than A Level,0-10%,35-55,0,60,N,Withdrawn
5,AAA,2013J,subpage,1970390,-10,M,West Midlands Region,Lower Than A Level,0-10%,35-55,1,120,N,Pass
4,AAA,2013J,homepage,1976139,-10,M,Ireland,Lower Than A Level,50-60%,35-55,0,120,N,Pass
27,AAA,2013J,oucontent,1976139,-10,M,Ireland,Lower Than A Level,50-60%,35-55,0,120,N,Pass
2,AAA,2013J,resource,1976139,-10,M,Ireland,Lower Than A Level,50-60%,35-55,0,120,N,Pass
7,AAA,2013J,subpage,1976139,-10,M,Ireland,Lower Than A Level,50-60%,35-55,0,120,N,Pass
5,AAA,2013J,homepage,2051699,-10,F,South West Region,Lower Than A Level,70-80%,35-55,0,60,N,Pass
19,AAA,2013J,oucontent,2051699,-10,F,South West Region,Lower Than A Level,70-80%,35-55,0,60,N,Pass
1,AAA,2013J,resource,2051699,-10,F,South West Region,Lower Than A Level,70-80%,35-55,0,60,N,Pass
3,AAA,2013J,subpage,2051699,-10,F,South West Region,Lower Than A Level,70-80%,35-55,0,60,N,Pass
1,AAA,2013J,homepage,2104505,-10,M,West Midlands Region,Lower Than A Level,0-10%,35-55,0,60,N,Pass
25,AAA,2013J,forumng,2122180,-10,F,North Western Region,Lower Than A Level,80-90%,35-55,0,60,N,Distinction
28,AAA,2013J,oucontent,2122180,-10,F,North Western Region,Lower Than A Level,80-90%,35-55,0,60,N,Distinction
2,AAA,2013J,resource,2122180,-10,F,North Western Region,Lower Than A Level,80-90%,35-55,0,60,N,Distinction
5,AAA,2013J,subpage,2122180,-10,F,North Western Region,Lower Than A Level,80-90%,35-55,0,60,N,Distinction
7,AAA,2013J,forumng,2550279,-10,F,North Region,HE Qualification,,35-55,0,60,N,Pass
11,AAA,2013J,homepage,2550279,-10,F,North Region,HE Qualification,,35-55,0,60,N,Pass
61,AAA,2013J,oucontent,2550279,-10,F,North Region,HE Qualification,,35-55,0,60,N,Pass
3,AAA,2013J,resource,2550279,-10,F,North Region,HE Qualification,,35-55,0,60,N,Pass
2,AAA,2013J,subpage,2550279,-10,F,North Region,HE Qualification,,35-55,0,60,N,Pass
2,AAA,2013J,homepage,2551220,-10,F,South Region,Lower Than A Level,90-100%,0-35,0,60,N,Pass
3,AAA,2013J,oucontent,2551220,-10,F,South Region,Lower Than A Level,90-100%,0-35,0,60,N,Pass
1,AAA,2013J,subpage,2551220,-10,F,South Region,Lower Than A Level,90-100%,0-35,0,60,N,Pass
1,AAA,2013J,homepage,2555340,-10,F,South Region,HE Qualification,90-100%,35-55,0,60,N,Pass
1,AAA,2013J,oucontent,2555340,-10,F,South Region,HE Qualification,90-100%,35-55,0,60,N,Pass
2,AAA,2013J,dataplus,2557283,-10,M,Yorkshire Region,HE Qualification,80-90%,55<=,0,60,N,Pass
19,AAA,2013J,forumng,2557283,-10,M,Yorkshire Region,HE Qualification,80-90%,55<=,0,60,N,Pass
1,AAA,2013J,glossary,2557283,-10,M,Yorkshire Region,HE Qualification,80-90%,55<=,0,60,N,Pass
35,AAA,2013J,homepage,2557283,-10,M,Yorkshire Region,HE Qualification,80-90%,55<=,0,60,N,Pass
157,AAA,2013J,oucontent,2557283,-10,M,Yorkshire Region,HE Qualification,80-90%,55<=,0,60,N,Pass
3,AAA,2013J,resource,2557283,-10,M,Yorkshire Region,HE Qualification,80-90%,55<=,0,60,N,Pass
17,AAA,2013J,subpage,2557283,-10,M,Yorkshire Region,HE Qualification,80-90%,55<=,0,60,N,Pass
6,AAA,2013J,forumng,2559575,-10,M,South West Region,Lower Than A Level,30-40%,0-35,0,60,N,Pass
7,AAA,2013J,homepage,2559575,-10,M,South West Region,Lower Than A Level,30-40%,0-35,0,60,N,Pass
16,AAA,2013J,oucontent,2559575,-10,M,South West Region,Lower Than A Level,30-40%,0-35,0,60,N,Pass
6,AAA,2013J,resource,2559575,-10,M,South West Region,Lower Than A Level,30-40%,0-35,0,60,N,Pass
7,AAA,2013J,subpage,2559575,-10,M,South West Region,Lower Than A Level,30-40%,0-35,0,60,N,Pass
3,AAA,2013J,homepage,2569324,-10,M,South Region,A Level or Equivalent,90-100%,0-35,0,120,N,Withdrawn
3,AAA,2013J,homepage,2569324,-10,M,South Region,A Level or Equivalent,90-100%,0-35,1,60,N,Pass
1,AAA,2013J,oucontent,2569324,-10,M,South Region,A Level or Equivalent,90-100%,0-35,0,120,N,Withdrawn
1,AAA,2013J,oucontent,2569324,-10,M,South Region,A Level or Equivalent,90-100%,0-35,1,60,N,Pass
8,AAA,2013J,forumng,2574528,-10,M,Ireland,HE Qualification,,35-55,0,60,N,Pass
8,AAA,2013J,homepage,2574528,-10,M,Ireland,HE Qualification,,35-55,0,60,N,Pass
17,AAA,2013J,oucontent,2574528,-10,M,Ireland,HE Qualification,,35-55,0,60,N,Pass
1,AAA,2013J,resource,2574528,-10,M,Ireland,HE Qualification,,35-55,0,60,N,Pass
4,AAA,2013J,homepage,2574583,-10,M,Yorkshire Region,Lower Than A Level,70-80%,35-55,0,60,N,Pass
18,AAA,2013J,oucontent,2574583,-10,M,Yorkshire Region,Lower Than A Level,70-80%,35-55,0,60,N,Pass
1,AAA,2013J,resource,2574583,-10,M,Yorkshire Region,Lower Than A Level,70-80%,35-55,0,60,N,Pass
9,AAA,2013J,subpage,2574583,-10,M,Yorkshire Region,Lower Than A Level,70-80%,35-55,0,60,N,Pass
6,AAA,2013J,homepage,2576122,-10,M,North Western Region,A Level or Equivalent,70-80%,0-35,0,60,N,Withdrawn
6,AAA,2013J,homepage,2576122,-10,M,North Western Region,A Level or Equivalent,70-80%,35-55,1,60,N,Fail
8,AAA,2013J,oucontent,2576122,-10,M,North Western Region,A Level or Equivalent,70-80%,0-35,0,60,N,Withdrawn
8,AAA,2013J,oucontent,2576122,-10,M,North Western Region,A Level or Equivalent,70-80%,35-55,1,60,N,Fail
2,AAA,2013J,subpage,2576122,-10,M,North Western Region,A Level or Equivalent,70-80%,0-35,0,60,N,Withdrawn
2,AAA,2013J,subpage,2576122,-10,M,North Western Region,A Level or Equivalent,70-80%,35-55,1,60,N,Fail
4,AAA,2013J,forumng,2578995,-10,F,West Midlands Region,A Level or Equivalent,10-20,0-35,0,60,Y,Pass
9,AAA,2013J,homepage,2578995,-10,F,West Midlands Region,A Level or Equivalent,10-20,0-35,0,60,Y,Pass
29,AAA,2013J,oucontent,2578995,-10,F,West Midlands Region,A Level or Equivalent,10-20,0-35,0,60,Y,Pass
5,AAA,2013J,subpage,2578995,-10,F,West Midlands Region,A Level or Equivalent,10-20,0-35,0,60,Y,Pass
12,AAA,2013J,homepage,2598871,-10,F,East Anglian Region,A Level or Equivalent,80-90%,35-55,0,60,N,Pass
57,AAA,2013J,oucontent,2598871,-10,F,East Anglian Region,A Level or Equivalent,80-90%,35-55,0,60,N,Pass
2,AAA,2013J,resource,2598871,-10,F,East Anglian Region,A Level or Equivalent,80-90%,35-55,0,60,N,Pass
9,AAA,2013J,subpage,2598871,-10,F,East Anglian Region,A Level or Equivalent,80-90%,35-55,0,60,N,Pass
1,AAA,2013J,url,2598871,-10,F,East Anglian Region,A Level or Equivalent,80-90%,35-55,0,60,N,Pass
4,AAA,2013J,homepage,2599352,-10,F,Scotland,A Level or Equivalent,30-40%,0-35,0,120,N,Pass
7,AAA,2013J,oucontent,2599352,-10,F,Scotland,A Level or Equivalent,30-40%,0-35,0,120,N,Pass
2,AAA,2013J,resource,2599352,-10,F,Scotland,A Level or Equivalent,30-40%,0-35,0,120,N,Pass
7,AAA,2013J,subpage,2599352,-10,F,Scotland,A Level or Equivalent,30-40%,0-35,0,120,N,Pass
9,AAA,2013J,forumng,2600688,-10,M,West Midlands Region,A Level or Equivalent,20-30%,0-35,0,60,N,Pass
13,AAA,2013J,homepage,2600688,-10,M,West Midlands Region,A Level or Equivalent,20-30%,0-35,0,60,N,Pass
28,AAA,2013J,oucontent,2600688,-10,M,West Midlands Region,A Level or Equivalent,20-30%,0-35,0,60,N,Pass
2,AAA,2013J,resource,2600688,-10,M,West Midlands Region,A Level or Equivalent,20-30%,0-35,0,60,N,Pass
14,AAA,2013J,subpage,2600688,-10,M,West Midlands Region,A Level or Equivalent,20-30%,0-35,0,60,N,Pass
5,AAA,2013J,homepage,2606098,-10,F,East Midlands Region,A Level or Equivalent,90-100%,0-35,0,60,N,Pass
9,AAA,2013J,oucontent,2606098,-10,F,East Midlands Region,A Level or Equivalent,90-100%,0-35,0,60,N,Pass
8,AAA,2013J,resource,2606098,-10,F,East Midlands Region,A Level or Equivalent,90-100%,0-35,0,60,N,Pass
7,AAA,2013J,subpage,2606098,-10,F,East Midlands Region,A Level or Equivalent,90-100%,0-35,0,60,N,Pass
4,AAA,2013J,forumng,2617002,-10,F,Yorkshire Region,A Level or Equivalent,80-90%,0-35,0,60,N,Pass
5,AAA,2013J,homepage,2617002,-10,F,Yorkshire Region,A Level or Equivalent,80-90%,0-35,0,60,N,Pass
24,AAA,2013J,oucontent,2617002,-10,F,Yorkshire Region,A Level or Equivalent,80-90%,0-35,0,60,N,Pass
1,AAA,2013J,subpage,2617002,-10,F,Yorkshire Region,A Level or Equivalent,80-90%,0-35,0,60,N,Pass
2,AAA,2013J,forumng,2639449,-10,M,East Midlands Region,A Level or Equivalent,10-20,0-35,0,120,N,Pass
9,AAA,2013J,homepage,2639449,-10,M,East Midlands Region,A Level or Equivalent,10-20,0-35,0,120,N,Pass
23,AAA,2013J,oucontent,2639449,-10,M,East Midlands Region,A Level or Equivalent,10-20,0-35,0,120,N,Pass
3,AAA,2013J,resource,2639449,-10,M,East Midlands Region,A Level or Equivalent,10-20,0-35,0,120,N,Pass
6,AAA,2013J,subpage,2639449,-10,M,East Midlands Region,A Level or Equivalent,10-20,0-35,0,120,N,Pass
1,AAA,2013J,url,2639449,-10,M,East Midlands Region,A Level or Equivalent,10-20,0-35,0,120,N,Pass
4,AAA,2013J,forumng,2639641,-10,M,South East Region,Lower Than A Level,30-40%,35-55,0,120,N,Pass
13,AAA,2013J,homepage,2639641,-10,M,South East Region,Lower Than A Level,30-40%,35-55,0,120,N,Pass
25,AAA,2013J,oucontent,2639641,-10,M,South East Region,Lower Than A Level,30-40%,35-55,0,120,N,Pass
3,AAA,2013J,subpage,2639641,-10,M,South East Region,Lower Than A Level,30-40%,35-55,0,120,N,Pass
16,AAA,2013J,homepage,2641155,-10,M,East Midlands Region,Lower Than A Level,50-60%,35-55,0,60,N,Pass
54,AAA,2013J,oucontent,2641155,-10,M,East Midlands Region,Lower Than A Level,50-60%,35-55,0,60,N,Pass
1,AAA,2013J,resource,2641155,-10,M,East Midlands Region,Lower Than A Level,50-60%,35-55,0,60,N,Pass
7,AAA,2013J,subpage,2641155,-10,M,East Midlands Region,Lower Than A Level,50-60%,35-55,0,60,N,Pass
12,AAA,2013J,forumng,2643002,-10,F,South West Region,A Level or Equivalent,80-90%,35-55,0,60,N,Pass
46,AAA,2013J,homepage,2643002,-10,F,South West Region,A Level or Equivalent,80-90%,35-55,0,60,N,Pass
91,AAA,2013J,oucontent,2643002,-10,F,South West Region,A Level or Equivalent,80-90%,35-55,0,60,N,Pass
7,AAA,2013J,resource,2643002,-10,F,South West Region,A Level or Equivalent,80-90%,35-55,0,60,N,Pass
12,AAA,2013J,subpage,2643002,-10,F,South West Region,A Level or Equivalent,80-90%,35-55,0,60,N,Pass
2,AAA,2013J,url,2643002,-10,F,South West Region,A Level or Equivalent,80-90%,35-55,0,60,N,Pass
1,AAA,2013J,dataplus,2649826,-10,M,East Anglian Region,Lower Than A Level,60-70%,35-55,0,60,N,Distinction
16,AAA,2013J,forumng,2649826,-10,M,East Anglian Region,Lower Than A Level,60-70%,35-55,0,60,N,Distinction
1,AAA,2013J,glossary,2649826,-10,M,East Anglian Region,Lower Than A Level,60-70%,35-55,0,60,N,Distinction
61,AAA,2013J,homepage,2649826,-10,M,East Anglian Region,Lower Than A Level,60-70%,35-55,0,60,N,Distinction
160,AAA,2013J,oucontent,2649826,-10,M,East Anglian Region,Lower Than A Level,60-70%,35-55,0,60,N,Distinction
8,AAA,2013J,resource,2649826,-10,M,East Anglian Region,Lower Than A Level,60-70%,35-55,0,60,N,Distinction
24,AAA,2013J,subpage,2649826,-10,M,East Anglian Region,Lower Than A Level,60-70%,35-55,0,60,N,Distinction
11,AAA,2013J,url,2649826,-10,M,East Anglian Region,Lower Than A Level,60-70%,35-55,0,60,N,Distinction
4,AAA,2013J,homepage,2671132,-10,M,London Region,HE Qualification,20-30%,55<=,0,60,N,Pass
29,AAA,2013J,oucontent,2671132,-10,M,London Region,HE Qualification,20-30%,55<=,0,60,N,Pass
1,AAA,2013J,resource,2671132,-10,M,London Region,HE Qualification,20-30%,55<=,0,60,N,Pass
6,AAA,2013J,forumng,2678643,-10,F,South Region,A Level or Equivalent,80-90%,0-35,0,60,N,Pass
5,AAA,2013J,glossary,2678643,-10,F,South Region,A Level or Equivalent,80-90%,0-35,0,60,N,Pass
5,AAA,2013J,homepage,2678643,-10,F,South Region,A Level or Equivalent,80-90%,0-35,0,60,N,Pass
56,AAA,2013J,oucontent,2678643,-10,F,South Region,A Level or Equivalent,80-90%,0-35,0,60,N,Pass
1,AAA,2013J,resource,2678643,-10,F,South Region,A Level or Equivalent,80-90%,0-35,0,60,N,Pass
7,AAA,2013J,subpage,2678643,-10,F,South Region,A Level or Equivalent,80-90%,0-35,0,60,N,Pass
4,AAA,2013J,homepage,2685865,-10,F,East Midlands Region,Lower Than A Level,30-40%,0-35,0,60,N,Pass
22,AAA,2013J,oucontent,2685865,-10,F,East Midlands Region,Lower Than A Level,30-40%,0-35,0,60,N,Pass
1,AAA,2013J,resource,2685865,-10,F,East Midlands Region,Lower Than A Level,30-40%,0-35,0,60,N,Pass
2,AAA,2013J,forumng,2688067,-10,M,East Anglian Region,A Level or Equivalent,10-20,0-35,0,60,N,Pass
15,AAA,2013J,homepage,2688067,-10,M,East Anglian Region,A Level or Equivalent,10-20,0-35,0,60,N,Pass
13,AAA,2013J,oucontent,2688067,-10,M,East Anglian Region,A Level or Equivalent,10-20,0-35,0,60,N,Pass
8,AAA,2013J,resource,2688067,-10,M,East Anglian Region,A Level or Equivalent,10-20,0-35,0,60,N,Pass
6,AAA,2013J,subpage,2688067,-10,M,East Anglian Region,A Level or Equivalent,10-20,0-35,0,60,N,Pass
2,AAA,2013J,forumng,2689958,-10,M,East Anglian Region,A Level or Equivalent,40-50%,35-55,0,60,N,Distinction
6,AAA,2013J,homepage,2689958,-10,M,East Anglian Region,A Level or Equivalent,40-50%,35-55,0,60,N,Distinction
4,AAA,2013J,oucontent,2689958,-10,M,East Anglian Region,A Level or Equivalent,40-50%,35-55,0,60,N,Distinction
1,AAA,2013J,resource,2689958,-10,M,East Anglian Region,A Level or Equivalent,40-50%,35-55,0,60,N,Distinction
1,AAA,2013J,subpage,2689958,-10,M,East Anglian Region,A Level or Equivalent,40-50%,35-55,0,60,N,Distinction
5,AAA,2013J,forumng,2691206,-10,F,West Midlands Region,A Level or Equivalent,50-60%,0-35,0,60,N,Distinction
15,AAA,2013J,homepage,2691206,-10,F,West Midlands Region,A Level or Equivalent,50-60%,0-35,0,60,N,Distinction
15,AAA,2013J,oucontent,2691206,-10,F,West Midlands Region,A Level or Equivalent,50-60%,0-35,0,60,N,Distinction
2,AAA,2013J,resource,2691206,-10,F,West Midlands Region,A Level or Equivalent,50-60%,0-35,0,60,N,Distinction
5,AAA,2013J,subpage,2691206,-10,F,West Midlands Region,A Level or Equivalent,50-60%,0-35,0,60,N,Distinction
